Trade_Date,Titan_Close,Gold_Close,Titan_30d_MA,Titan_YoY_Growth
,TITAN.NS,,0.0,
2014-01-01,218.26922607421875,,109.13461303710938,
2014-01-02,214.06085205078125,1225.0,144.11002604166666,
2014-01-03,215.05381774902344,1238.4000244140625,161.84597396850586,
2014-01-06,215.43209838867188,1237.800048828125,172.56319885253907,
2014-01-07,213.77711486816406,1229.4000244140625,179.43218485514322,
2014-01-08,210.65628051757812,1225.300048828125,183.89276994977678,
2014-01-09,211.696533203125,1229.300048828125,187.3682403564453,
2014-01-10,208.29200744628906,1246.699951171875,189.69310336642795,
2014-01-13,209.0959014892578,1250.9000244140625,191.63338317871094,
2014-01-14,209.0012969970703,1245.199951171875,193.21228443492544,
2014-01-15,206.21145629882812,1238.0999755859375,194.29554875691733,
2014-01-16,206.3533172607422,1240.0,195.22306941105768,
2014-01-17,205.26571655273438,1251.699951171875,195.9404013497489,
2014-01-20,204.74557495117188,1251.699951171875,196.52741292317708,
2014-01-21,205.9750213623047,1242.300048828125,197.11788845062256,
2014-01-22,205.5494842529297,1239.0,197.6138646742877,
2014-01-23,213.11509704589844,1262.5999755859375,198.47504425048828,
2014-01-24,206.82615661621094,1264.5,198.91457648026315,
2014-01-27,204.13092041015625,1263.5999755859375,199.1753936767578,
2014-01-28,205.21847534179688,1251.0,199.4631594703311,
2014-01-29,202.9960174560547,1262.199951171875,199.62374392422763,
2014-01-30,210.70355224609375,1242.199951171875,200.1054747208305,
2014-01-31,209.5214385986328,1240.0999755859375,200.49780654907227,
2014-02-03,208.00830078125,1260.4000244140625,200.79822631835938,
2014-02-04,209.7105712890625,1251.699951171875,201.14100881723257,
2014-02-05,208.90670776367188,1257.300048828125,201.42862729673033,
2014-02-06,213.3042449951172,1257.5999755859375,201.85275650024414,
2014-02-07,213.4461212158203,1263.300048828125,202.25252769733297,
2014-02-10,218.41107177734375,1274.800048828125,202.79114583333333,
2014-02-11,219.6877899169922,1290.0999755859375,210.11407216389975,
2014-02-12,217.79635620117188,1295.300048828125,210.0983098347982,
2014-02-13,216.89797973632812,1300.4000244140625,210.19288075764973,
2014-02-14,218.9784698486328,1319.0,210.32370249430338,
2014-02-17,216.51966857910156,1319.0,210.35995483398438,
2014-02-18,216.23593139648438,1324.699951171875,210.4419153849284,
2014-02-19,219.9714813232422,1320.5999755859375,210.7524220784505,
2014-02-20,221.43731689453125,1317.0999755859375,211.07711486816407,
2014-02-21,221.34278869628906,1323.9000244140625,211.51214090983072,
2014-02-24,222.90318298339844,1338.300048828125,211.97238362630208,
2014-02-25,229.99598693847656,1343.0,212.67220662434895,
2014-02-26,232.26568603515625,1328.199951171875,213.54068094889323,
2014-02-28,229.33399963378906,1321.4000244140625,214.30670369466145,
2014-03-03,235.71751403808594,1350.0999755859375,215.32176361083984,
2014-03-04,240.96620178222656,1337.800048828125,216.52911783854168,
2014-03-05,232.31295776367188,1340.199951171875,217.40704905192058,
2014-03-06,233.40054321289062,1351.699951171875,218.33541768391927,
2014-03-07,241.1553192138672,1338.0999755859375,219.27009175618488,
2014-03-10,236.9469451904297,1341.4000244140625,220.27411804199218,
2014-03-11,235.24464416503906,1346.5,221.31124216715494,
2014-03-12,238.5546417236328,1370.300048828125,222.42244771321614,
2014-03-13,237.98719787597656,1372.199951171875,223.5888203938802,
2014-03-14,239.40577697753906,1379.0,224.54556121826172,
2014-03-18,241.486328125,1359.0,225.6110575358073,
2014-03-19,241.01348876953125,1341.4000244140625,226.71123046875,
2014-03-20,239.6422119140625,1330.5,227.70895182291667,
2014-03-21,241.1553192138672,1336.0,228.78390553792318,
2014-03-24,239.16932678222656,1311.199951171875,229.6460749308268,
2014-03-25,241.5336151123047,1311.4000244140625,230.5823247273763,
2014-03-26,235.24464416503906,1303.4000244140625,231.14344380696613,
2014-03-27,240.02047729492188,1294.699951171875,231.82120005289713,
2014-03-28,239.40577697753906,1293.800048828125,232.54151407877603,
2014-03-31,248.437255859375,1283.4000244140625,233.59282328287762,
2014-04-01,250.75428771972656,1279.5999755859375,234.65201721191406,
2014-04-02,250.94346618652344,1290.5,235.79947713216146,
2014-04-03,253.44955444335938,1284.4000244140625,237.03993123372396,
2014-04-04,255.15182495117188,1303.199951171875,238.21260935465494,
2014-04-07,248.48455810546875,1298.0,239.1141840616862,
2014-04-09,249.90310668945312,1305.5,240.06619466145833,
2014-04-10,248.67373657226562,1320.0999755859375,240.9252131144206,
2014-04-11,248.48455810546875,1318.699951171875,241.54149881998697,
2014-04-15,243.425048828125,1300.0,241.9134775797526,
2014-04-16,241.7700653076172,1303.0999755859375,242.32801310221353,
2014-04-17,243.23593139648438,1293.4000244140625,242.57862701416016,
2014-04-21,245.36375427246094,1288.0,242.72521209716797,
2014-04-22,247.0659637451172,1280.5999755859375,243.21697896321615,
2014-04-23,241.1553192138672,1284.199951171875,243.47547149658203,
2014-04-24,241.1553192138672,1290.5,243.47547149658203,
2014-04-25,244.1815948486328,1300.699951171875,243.7166264851888,
2014-04-28,244.27618408203125,1298.9000244140625,244.0176778157552,
2014-04-29,245.88388061523438,1296.0,244.2619857788086,
2014-04-30,241.01348876953125,1295.5999755859375,244.36286214192708,
2014-05-02,244.03973388671875,1302.5999755859375,244.51732737223307,
2014-05-05,247.86988830566406,1309.0,244.73011271158853,
2014-05-06,256.475830078125,1308.300048828125,245.24552408854166,
2014-05-07,257.65789794921875,1288.5999755859375,245.8460469563802,
2014-05-08,262.3865051269531,1287.4000244140625,246.5537531534831,
2014-05-09,262.43377685546875,1287.300048828125,247.32923482259113,
2014-05-12,269.5738830566406,1295.5999755859375,248.26391042073567,
2014-05-13,280.0238952636719,1294.5999755859375,249.75655212402344,
2014-05-14,288.1570129394531,1305.699951171875,251.3611033121745,
2014-05-15,300.16748046875,1293.5,253.38649342854816,
2014-05-16,290.33209228515625,1293.300048828125,254.78298797607422,
2014-05-19,290.6158447265625,1293.699951171875,256.11170654296876,
2014-05-20,297.046630859375,1294.5,257.64847869873046,
2014-05-21,293.5948181152344,1288.0,258.98665415445964,
2014-05-22,313.4073486328125,1294.9000244140625,260.92850494384766,
2014-05-23,307.685791015625,1291.5999755859375,262.9018793741862,
2014-05-26,303.8084411621094,1379.0,264.69872385660807,
2014-05-27,301.6805725097656,1265.4000244140625,266.46561838785806,
2014-05-28,297.99237060546875,1259.300048828125,268.11587880452475,
2014-05-29,296.8102111816406,1256.300048828125,269.89538421630857,
2014-05-30,293.1692199707031,1245.5999755859375,271.6086893717448,
2014-06-02,298.03961181640625,1243.699951171875,273.43547871907555,
2014-06-03,302.8627624511719,1244.300048828125,275.3521123250326,
2014-06-04,302.8153991699219,1244.0,277.21042683919273,
2014-06-05,305.79443359375,1253.0,279.3650639851888,
2014-06-06,309.482666015625,1252.0999755859375,281.64264221191405,
2014-06-09,308.8679504394531,1253.5,283.7988540649414,
2014-06-10,322.86444091796875,1259.800048828125,286.41846262613933,
2014-06-11,311.0430908203125,1260.800048828125,288.5904362996419,
2014-06-12,310.8066101074219,1273.5999755859375,290.91687367757163,
2014-06-13,302.53173828125,1273.699951171875,292.8666071573893,
2014-06-16,305.0851135253906,1274.9000244140625,294.77378133138023,
2014-06-17,304.9432678222656,1271.699951171875,296.3893625895182,
2014-06-18,297.28302001953125,1272.4000244140625,297.710199991862,
2014-06-19,303.0519104003906,1313.699951171875,299.0657135009766,
2014-06-20,315.7243957519531,1316.199951171875,300.8420674641927,
2014-06-23,308.34783935546875,1318.0,302.13453267415366,
2014-06-24,319.41259765625,1320.9000244140625,303.44748942057294,
2014-06-25,324.0938415527344,1322.199951171875,304.6453837076823,
2014-06-26,327.9712829589844,1316.0999755859375,305.5721771240234,
2014-06-27,333.97650146484375,1319.0,307.02699076334636,
2014-06-30,333.8818664550781,1321.800048828125,308.4691914876302,
2014-07-01,336.48260498046875,1326.4000244140625,309.7837239583333,
2014-07-02,339.98175048828125,1330.699951171875,311.3299550374349,
2014-07-03,341.211181640625,1320.4000244140625,312.2567494710286,
2014-07-04,337.8066101074219,1379.0,313.2607767740885,
2014-07-07,337.99578857421875,1316.5,314.4003550211589,
2014-07-08,322.9589538574219,1316.0,315.10963439941406,
2014-07-09,329.0588073730469,1323.800048828125,316.1451822916667,
2014-07-10,309.4353942871094,1338.699951171875,316.56602172851564,
2014-07-11,312.4616394042969,1337.0,317.2091023763021,
2014-07-14,304.5177307128906,1306.300048828125,317.42503967285154,
2014-07-15,311.9903259277344,1296.9000244140625,317.729291788737,
2014-07-16,312.13299560546875,1299.5999755859375,318.0398783365885,
2014-07-17,318.4156494140625,1316.699951171875,318.46058553059896,
2014-07-18,314.08447265625,1309.199951171875,318.6139790852865,
2014-07-21,315.0364685058594,1313.699951171875,318.81959635416666,
2014-07-22,321.5094299316406,1306.0999755859375,318.77442932128906,
2014-07-23,324.26995849609375,1304.5,319.2153249104818,
2014-07-24,319.93878173828125,1290.5999755859375,319.5197306315104,
2014-07-25,316.17864990234375,1303.0999755859375,319.97462768554686,
2014-07-28,318.4156494140625,1303.300048828125,320.4189788818359,
2014-07-30,326.1737976074219,1294.9000244140625,321.1266632080078,
2014-07-31,324.65069580078125,1281.300048828125,322.03891906738284,
2014-08-01,310.9431457519531,1293.5999755859375,322.3019602457682,
2014-08-04,325.74542236328125,1287.699951171875,322.63599446614586,
2014-08-05,327.79205322265625,1284.0,323.2841349283854,
2014-08-06,327.69683837890625,1306.699951171875,323.5602762858073,
2014-08-07,330.6002197265625,1310.800048828125,323.77715555826825,
2014-08-08,325.5074462890625,1308.9000244140625,323.6950276692708,
2014-08-11,325.31707763671875,1308.5,323.40638020833336,
2014-08-12,332.31365966796875,1308.800048828125,323.35410664876304,
2014-08-13,327.030517578125,1312.800048828125,323.0390370686849,
2014-08-14,334.0746765136719,1313.9000244140625,322.8421346028646,
2014-08-18,333.5035400390625,1297.699951171875,322.58521321614586,
2014-08-19,331.64727783203125,1295.0999755859375,322.37990214029946,
2014-08-20,329.74346923828125,1293.4000244140625,322.1048248291016,
2014-08-21,349.3053894042969,1273.699951171875,322.9830393473307,
2014-08-22,345.78326416015625,1278.5999755859375,323.5405212402344,
2014-08-25,344.3077392578125,1277.300048828125,324.7029327392578,
2014-08-26,344.26025390625,1283.800048828125,325.7628865559896,
2014-08-27,346.116455078125,1281.9000244140625,327.1495107014974,
2014-08-28,345.9260559082031,1288.699951171875,328.28070170084635,
2014-09-01,354.017333984375,1379.0,329.6768463134766,
2014-09-02,366.820556640625,1263.699951171875,331.29034322102865,
2014-09-03,365.0119323730469,1268.9000244140625,332.98792521158856,
2014-09-04,369.2479248046875,1265.0999755859375,334.7949737548828,
2014-09-05,369.0099792480469,1265.800048828125,336.378325398763,
2014-09-08,367.2489318847656,1252.699951171875,337.8109578450521,
2014-09-09,377.9579772949219,1246.800048828125,339.74493103027345,
2014-09-10,366.5826416015625,1243.5,341.42506408691406,
2014-09-11,363.5840759277344,1237.4000244140625,342.93067830403646,
2014-09-12,369.34320068359375,1229.9000244140625,344.3696584065755,
2014-09-15,363.5840759277344,1233.5999755859375,345.6674377441406,
2014-09-16,358.25335693359375,1235.199951171875,347.24444478352865,
2014-09-17,352.4466552734375,1234.4000244140625,348.1344858805339,
2014-09-18,368.96240234375,1225.699951171875,349.506830851237,
2014-09-19,369.8667297363281,1215.300048828125,350.91249389648436,
2014-09-22,377.8628234863281,1216.800048828125,352.4879140218099,
2014-09-23,372.05615234375,1221.0,354.03953755696614,
2014-09-24,374.2454833984375,1218.5999755859375,355.6704844156901,
2014-09-25,370.2950744628906,1221.199951171875,356.93653157552086,
2014-09-26,370.4854736328125,1214.0999755859375,358.38503011067706,
2014-09-29,378.8147277832031,1217.5,359.87636515299477,
2014-09-30,388.3338623046875,1210.5,361.70404256184895,
2014-10-01,385.3829040527344,1214.5999755859375,363.49523010253904,
2014-10-07,378.14837646484375,1211.699951171875,365.1087270100912,
2014-10-08,383.09832763671875,1205.300048828125,366.2351582845052,
2014-10-09,381.86083984375,1224.5999755859375,367.437744140625,
2014-10-10,378.7671203613281,1221.0,368.5863901774089,
2014-10-13,375.6258239746094,1229.300048828125,369.6319091796875,
2014-10-14,369.67633056640625,1233.5999755859375,370.4172383626302,
2014-10-15,369.67633056640625,1244.0999755859375,371.2089141845703,
2014-10-16,351.30438232421875,1240.5,371.1184824625651,
2014-10-17,362.2037658691406,1238.300048828125,370.96458943684894,
2014-10-20,364.3932189941406,1244.0,370.9439656575521,
2014-10-21,371.1993713378906,1251.0,371.00901387532554,
2014-10-22,375.911376953125,1244.800048828125,371.2390604654948,
2014-10-27,381.52764892578125,1229.0999755859375,371.7150177001953,
2014-10-28,386.2396545410156,1229.199951171875,371.99107360839844,
2014-10-29,391.9035949707031,1224.300048828125,372.83510538736977,
2014-10-30,399.2333068847656,1198.0999755859375,374.0234130859375,
2014-10-31,374.5786437988281,1171.0999755859375,374.1979278564453,
2014-11-03,364.2503662109375,1169.4000244140625,374.2201375325521,
2014-11-05,357.15863037109375,1145.4000244140625,374.1836466471354,
2014-11-07,360.6331481933594,1169.5999755859375,374.45652974446614,
2014-11-10,360.72833251953125,1159.5999755859375,374.18206075032555,
2014-11-11,355.016845703125,1162.800048828125,373.6870646158854,
2014-11-12,360.2523193359375,1158.9000244140625,373.1000478108724,
2014-11-13,358.3961486816406,1161.0999755859375,372.64471435546875,
2014-11-14,356.63507080078125,1185.0,372.0577006022135,
2014-11-17,359.4432678222656,1183.0,371.6959737141927,
2014-11-18,355.4927673339844,1196.699951171875,371.1962168375651,
2014-11-19,348.7817687988281,1193.5999755859375,370.1951182047526,
2014-11-20,344.4029541015625,1190.699951171875,368.7307545979818,
2014-11-21,349.6861572265625,1197.5,367.5408630371094,
2014-11-24,353.82696533203125,1195.5,366.7301493326823,
2014-11-25,352.4942321777344,1197.0999755859375,365.7100128173828,
2014-11-26,352.875,1196.5999755859375,364.7438181559245,
2014-11-27,346.78277587890625,1379.0,363.67767333984375,
2014-11-28,353.017822265625,1175.199951171875,362.9240732828776,
2014-12-01,371.4373474121094,1218.0,362.98277384440104,
2014-12-02,369.6286926269531,1199.199951171875,362.98118591308594,
2014-12-03,367.86767578125,1208.5,363.533295694987,
2014-12-04,367.0586242675781,1207.5,363.69512430826825,
2014-12-05,368.3912353515625,1190.0999755859375,363.82839152018227,
2014-12-08,362.822509765625,1194.699951171875,363.5491628011068,
2014-12-09,353.1130065917969,1231.5,362.7892171223958,
2014-12-10,367.0586242675781,1228.9000244140625,362.3069163004557,
2014-12-11,366.820556640625,1225.0999755859375,361.65961303710935,
2014-12-12,355.9211730957031,1222.0,360.4601989746094,
2014-12-15,348.924560546875,1207.199951171875,358.7832407633463,
2014-12-16,342.6894836425781,1193.9000244140625,357.72026875813805,
2014-12-17,337.92999267578125,1194.300048828125,356.8429229736328,
2014-12-18,359.11004638671875,1194.699951171875,356.90797017415366,
2014-12-19,358.4913330078125,1195.9000244140625,356.8365763346354,
2014-12-22,363.5840759277344,1179.699951171875,356.9317677815755,
2014-12-23,356.8255310058594,1177.9000244140625,356.99205729166664,
2014-12-24,351.018798828125,1173.5,356.6842732747396,
2014-12-26,349.5909118652344,1195.300048828125,356.39076538085936,
2014-12-29,355.9687805175781,1181.699951171875,356.3685557047526,
2014-12-30,358.9672546386719,1200.199951171875,356.3526885986328,
2014-12-31,363.29852294921875,1183.9000244140625,356.612880452474,
2015-01-01,361.537353515625,1379.0,357.03806660970054,
2015-01-02,364.3932189941406,1186.0,357.70440877278645,
2015-01-05,367.3441467285156,1203.9000244140625,358.2930084228516,
2015-01-06,354.77886962890625,1219.300048828125,358.3247385660807,
2015-01-07,356.5874938964844,1210.5999755859375,358.4611806233724,
2015-01-08,354.9692077636719,1208.4000244140625,358.53098754882814,
2015-01-09,354.9692077636719,1216.0,358.8038686116536,
2015-01-12,358.68170166015625,1232.699951171875,358.99266459147134,
2015-01-13,354.3028869628906,1234.300048828125,358.4215159098307,62.323793113380056
2015-01-14,353.7317810058594,1234.4000244140625,357.89161885579426,65.24823554469654
2015-01-15,357.824951171875,1264.699951171875,357.5568613688151,66.3885602763264
2015-01-16,368.5816345214844,1276.9000244140625,357.6076283772787,71.08946961863953
2015-01-19,375.5306396484375,1379.0,357.8456085205078,75.66456534883376
2015-01-20,374.6739196777344,1294.199951171875,358.24065551757815,77.86031290269074
2015-01-21,387.3819274902344,1293.699951171875,359.38295288085936,82.98926374884819
2015-01-22,380.5281677246094,1300.699951171875,359.8319376627604,82.68975962639074
2015-01-23,379.67144775390625,1292.5999755859375,360.2603006998698,81.57766127874662
2015-01-27,381.3848571777344,1291.699951171875,361.1090901692708,82.47966048893967
2015-01-28,412.4173889160156,1285.9000244140625,363.22551778157555,99.99732135074366
2015-01-29,420.55615234375,1254.5999755859375,365.8210734049479,103.80392131634464
2015-01-30,409.8947448730469,1278.5,368.2198984781901,99.68982241987871
2015-02-02,412.3697204589844,1276.199951171875,369.99522094726564,101.40592565056758
2015-02-03,411.51300048828125,1259.699951171875,371.7626098632812,99.78781784634003
2015-02-04,409.3711853027344,1263.800048828125,373.2888468424479,99.15943199302852
2015-02-05,397.710205078125,1262.0,374.65166931152345,86.61756515188151
2015-02-06,396.66314697265625,1233.9000244140625,376.1731475830078,91.78577480831358
2015-02-09,392.4270935058594,1240.800048828125,377.60102030436195,92.24284724595535
2015-02-10,404.75439453125,1231.5999755859375,379.227207438151,97.23097243419272
2015-02-11,405.75396728515625,1219.0,380.78676452636716,99.88272300612762
2015-02-12,405.2779846191406,1220.0999755859375,382.1860799153646,92.34511250469633
2015-02-13,406.18231201171875,1226.5,383.6742451985677,93.86193352262006
2015-02-16,397.4246520996094,1379.0,384.77529296875,91.06191945558813
2015-02-18,409.08563232421875,1199.699951171875,386.1666758219401,95.07153588377768
2015-02-19,411.94134521484375,1207.0999755859375,388.0720916748047,97.18914228491751
2015-02-20,414.4163818359375,1204.4000244140625,389.9997212727865,94.28416994018288
2015-02-23,399.56646728515625,1200.300048828125,391.4862965901693,87.19781133016953
2015-02-24,402.13665771484375,1196.9000244140625,393.058544921875,84.11917236723082
2015-02-25,401.9461975097656,1201.0,394.5006947835287,82.96246580733448
2015-02-26,403.2312927246094,1209.5999755859375,396.1316416422526,85.14143200456341
2015-02-27,414.4163818359375,1212.5999755859375,398.1544616699219,91.06511842098412
2015-03-02,392.6651306152344,1207.699951171875,399.3158009847005,79.31677524583176
2015-03-03,395.9015808105469,1204.0,400.2264658610026,82.8478601545205
2015-03-04,391.61798095703125,1200.5999755859375,400.76271057128906,81.10680238381431
2015-03-05,386.2396545410156,1195.9000244140625,401.1482350667318,75.58624064246166
2015-03-09,380.48052978515625,1166.4000244140625,400.9181884765625,71.82313041047908
2015-03-10,385.9064636230469,1160.0999755859375,401.0974650065104,74.34788180633274
2015-03-11,380.6233215332031,1150.699951171875,401.129194132487,70.75723928157254
2015-03-12,385.14495849609375,1152.0999755859375,401.25453084309896,67.45725159070676
2015-03-13,379.5762939453125,1152.5999755859375,400.1598276774088,63.42331939977521
2015-03-16,378.4815673828125,1153.300048828125,398.75734151204426,65.03508768311241
2015-03-17,385.0021667480469,1148.300048828125,397.9275889078776,63.3320155776971
2015-03-18,382.4796142578125,1151.4000244140625,396.93125203450523,58.72749432448574
2015-03-19,385.3353271484375,1169.0999755859375,396.0586629231771,65.86906337804572
2015-03-20,373.817138671875,1184.800048828125,394.8735280354818,60.16121193467265
2015-03-23,372.05615234375,1188.0,394.0183929443359,54.28071566349908
2015-03-24,368.629150390625,1191.699951171875,393.08392639160155,55.57455281576424
2015-03-25,371.67529296875,1197.300048828125,392.39219970703124,57.99521994983068
2015-03-26,371.0090026855469,1205.0999755859375,391.26735331217446,55.523698891327115
2015-03-27,373.9599304199219,1199.800048828125,390.2075520833333,57.13447351685088
2015-03-30,372.53204345703125,1184.800048828125,389.11602071126305,55.60695659068495
2015-03-31,372.7701416015625,1183.0999755859375,388.0022816975912,54.36490524987665
2015-04-01,371.6277770996094,1208.0999755859375,387.1423858642578,54.193766911933224
2015-04-06,384.19305419921875,1218.5999755859375,386.31263326009116,60.319440857520235
2015-04-07,387.04876708984375,1210.5999755859375,385.4828806559245,60.49771091575708
2015-04-08,387.8580017089844,1203.0999755859375,384.59760131835935,62.1687893373321
2015-04-09,380.7185363769531,1193.5999755859375,383.9693369547526,57.62548670500058
2015-04-10,381.2896728515625,1204.5999755859375,383.2744374593099,62.08219073589771
2015-04-13,394.9020690917969,1199.300048828125,383.0396331787109,64.52849087812052
2015-04-15,391.5704040527344,1201.5,382.65093688964845,63.55929626939258
2015-04-16,386.7156066894531,1198.0,381.727577718099,55.65926509361743
2015-04-17,376.0540771484375,1202.9000244140625,381.1738759358724,49.9691513027132
2015-04-20,375.9588928222656,1193.5,380.5091196695964,49.818163642810156
2015-04-21,373.3887634277344,1202.9000244140625,379.90147908528644,47.32271447381016
2015-04-22,377.0537109375,1186.9000244140625,379.59528096516925,47.77621559620684
2015-04-23,384.05029296875,1194.4000244140625,379.7142730712891,54.55700583443927
2015-04-24,376.8633117675781,1175.199951171875,379.4128346761068,50.803772213962326
2015-04-27,367.915283203125,1203.300048828125,378.9892333984375,47.95100128967873
2015-04-28,367.5821228027344,1214.0,378.4038055419922,47.92956375450699
2015-04-29,363.4888610839844,1209.800048828125,377.8675577799479,49.32270234056018
2015-04-30,364.3932189941406,1182.4000244140625,377.3979461669922,50.718914903920535
2015-05-04,366.72540283203125,1186.800048828125,376.788720703125,50.76941993173454
2015-05-05,365.9162292480469,1193.199951171875,376.2366078694661,49.13214477543413
2015-05-06,364.9643249511719,1190.300048828125,375.5575744628906,47.719386118147455
2015-05-07,351.78033447265625,1182.4000244140625,374.82301432291666,45.87293185960453
2015-05-08,336.5973205566406,1189.0999755859375,373.64105326334635,39.57698368582583
2015-05-11,349.9716796875,1183.199951171875,373.0191375732422,43.324348382787
2015-05-12,345.3072509765625,1192.5999755859375,372.14020284016925,41.35936021524049
2015-05-13,349.7336730957031,1218.4000244140625,371.4310251871745,42.23529912600317
2015-05-14,345.4500732421875,1225.4000244140625,370.48069661458334,43.3322570474566
2015-05-15,350.25726318359375,1225.5,369.7382039388021,43.52468657672783
2015-05-18,360.53790283203125,1227.800048828125,369.33046264648436,45.454498445341265
2015-05-19,361.29949951171875,1206.9000244140625,368.98618672688804,40.87077889626616
2015-05-20,358.06292724609375,1208.9000244140625,368.1151824951172,38.96834915445271
2015-05-21,357.920166015625,1204.4000244140625,367.14422912597655,36.40951764742964
2015-05-22,352.6370544433594,1204.300048828125,365.97019755045574,34.37182464419153
2015-05-25,353.16058349609375,1379.0,365.0515991210938,31.00697274219646
2015-05-26,352.77984619140625,1187.199951171875,364.1012715657552,25.98205087434664
2015-05-27,354.3028869628906,1185.9000244140625,362.7479654947917,22.954802782237316
2015-05-28,361.96575927734375,1188.0999755859375,361.7611440022786,20.58793268081134
2015-05-29,360.10955810546875,1189.4000244140625,360.87427571614586,24.03367305043873
2015-06-01,358.20574951171875,1188.300048828125,360.2793314615885,23.257474088775474
2015-06-02,351.20916748046875,1194.0999755859375,359.454340616862,18.233681514716405
2015-06-03,349.9716796875,1184.699951171875,358.67377115885415,19.202267238292347
2015-06-04,344.117431640625,1174.9000244140625,357.5758951822917,9.798775664252979
2015-06-05,346.25921630859375,1167.800048828125,356.3161926269531,12.536628735972366
2015-06-08,335.9785461425781,1173.199951171875,354.9533671061198,10.588943762528015
2015-06-09,342.26116943359375,1177.300048828125,354.0982299804688,13.451511506434333
2015-06-10,347.1635437011719,1186.0999755859375,353.41761067708336,16.500816110088934
2015-06-11,336.6925048828125,1179.9000244140625,352.52439880371094,13.436968203484367
2015-06-12,331.21893310546875,1178.800048828125,351.41858927408856,12.978754433554784
2015-06-15,327.69683837890625,1185.300048828125,350.117637125651,9.950766739277928
2015-06-16,330.4573974609375,1180.5,348.9356760660807,9.111267026171465
2015-06-17,336.9304504394531,1176.4000244140625,348.0012135823568,11.265956540865329
2015-06-18,341.5472412109375,1201.5,347.6601104736328,11.691778426773247
2015-06-19,340.9760437011719,1201.5,347.8060679117838,10.176136224688225
2015-06-22,348.6390075683594,1183.699951171875,347.7616455078125,12.876394935868408
2015-06-23,340.07177734375,1176.199951171875,347.5871297200521,5.3295854993685055
2015-06-24,339.4530334472656,1172.5999755859375,347.24444173177085,9.133764248557231
2015-06-25,335.8832702636719,1171.5,346.92554829915366,8.068251877777932
2015-06-26,342.83233642578125,1172.9000244140625,346.6780507405599,13.32111413284698
2015-06-29,341.5948486328125,1178.5,346.04661560058594,11.967065415134837
2015-06-30,348.6866455078125,1171.5,345.6261871337891,14.344759272089401
2015-07-01,344.4981689453125,1169.0,345.174028523763,15.882221905132443
2015-07-02,338.16790771484375,1163.0,344.515619913737,11.587452878306582
2015-07-03,340.1192932128906,1379.0,344.0983612060547,7.726643170172753
2015-07-06,338.73907470703125,1172.9000244140625,343.6176442464193,9.856153172692395
2015-07-07,343.6890563964844,1152.4000244140625,343.3146179199219,7.600344794903968
2015-07-08,337.8824157714844,1163.300048828125,342.76726888020835,4.254500533761729
2015-07-09,342.4039611816406,1159.0,342.1152089436849,4.4005920556347
2015-07-10,338.69146728515625,1157.699951171875,341.4012725830078,1.4117657378984294
2015-07-13,340.1192932128906,1155.199951171875,340.7983907063802,1.868153794645111
2015-07-14,342.54669189453125,1153.300048828125,340.5096415201823,1.8021992294117162
2015-07-15,333.8843078613281,1147.199951171875,339.9733957926432,-1.7934617426364707
2015-07-16,333.7890930175781,1143.800048828125,339.6291178385417,-2.1752184636387617
2015-07-17,334.3640441894531,1131.800048828125,339.23261210123695,-1.0190937107104059
2015-07-20,330.722900390625,1106.699951171875,339.0574239095052,-2.1517688768470378
2015-07-21,325.548583984375,1103.4000244140625,338.5003377278646,0.8018449700875507
2015-07-22,323.87176513671875,1091.4000244140625,337.72394510904945,-1.5763268206487102
2015-07-23,322.9614562988281,1094.0,337.26624348958336,4.371207128027699
2015-07-24,325.8838806152344,1085.5999755859375,337.0884084065755,4.295644494641571
2015-07-27,321.8595275878906,1096.5,336.8938313802083,5.6948397830241415
2015-07-28,326.8421630859375,1096.300048828125,336.77332356770836,4.760351819896891
2015-07-29,324.39874267578125,1092.699951171875,336.35559997558596,3.929654103539959
2015-07-30,324.6383361816406,1088.4000244140625,335.79196980794273,1.9542653695033163
2015-07-31,310.12158203125,1094.9000244140625,334.76348775227865,-1.2617276465421434
2015-08-03,303.98907470703125,1089.4000244140625,333.27515665690106,-3.506703160819191
2015-08-04,302.743408203125,1090.699951171875,332.0308776855469,-5.8368495544611765
2015-08-05,307.10321044921875,1085.699951171875,330.9525502522786,-5.2939680649084275
2015-08-06,314.0502014160156,1090.199951171875,330.2247812906901,-1.840533457767135
2015-08-07,320.0389709472656,1094.0999755859375,329.4650024414062,1.2209303335674937
2015-08-10,315.5833740234375,1104.199951171875,328.5979532877604,-0.8894900096263703
2015-08-11,314.6730651855469,1107.5999755859375,327.46416727701825,-3.5259522703038004
2015-08-12,316.3020324707031,1123.199951171875,326.5242960611979,-2.5715833780936004
2015-08-13,314.4334716796875,1115.699951171875,325.7331481933594,1.122496499896708
2015-08-14,321.0450744628906,1112.9000244140625,325.0973409016927,-1.4429513287676055
2015-08-17,322.5303039550781,1118.5999755859375,324.5570485432943,-1.6052095271522737
2015-08-18,322.0990295410156,1117.0999755859375,323.83738098144534,-1.708227905274462
2015-08-19,326.2193603515625,1128.0999755859375,323.4486124674479,-1.3251229471726855
2015-08-20,326.93798828125,1153.0,322.9330800374349,0.4394805736385843
2015-08-21,329.9084167480469,1159.5999755859375,322.6403116861979,1.4113427873759798
2015-08-24,318.6974182128906,1153.4000244140625,321.92624918619794,-4.0974064890028306
2015-08-25,313.33154296875,1138.199951171875,320.95241088867186,-4.188897938585323
2015-08-26,311.17559814453125,1124.5999755859375,320.19545389811196,-6.854478947075626
2015-08-27,332.5434875488281,1122.4000244140625,320.1539337158203,-0.28786875549264845
2015-08-28,327.3212585449219,1133.0999755859375,319.91917419433594,-1.3044036771199918
2015-08-31,323.6800842285156,1131.5999755859375,319.684413655599,-1.8388188320369925
2015-09-01,320.9491882324219,1138.699951171875,319.5311004638672,-8.1178825268724
2015-09-02,309.5945739746094,1132.5,319.05519409179686,-10.465714780454316
2015-09-03,313.523193359375,1123.699951171875,318.74058532714844,-8.940997366134285
2015-09-04,319.03277587890625,1120.5999755859375,318.51221516927086,-7.3280251615145175
2015-09-07,318.505859375,1379.0,318.4004262288411,-7.97725600676592
2015-09-08,308.54052734375,1120.4000244140625,317.7903717041016,-10.807375716842206
2015-09-09,316.7331237792969,1102.199951171875,317.53485107421875,-10.5317470716628
2015-09-10,312.3254089355469,1109.5,317.1244201660156,-14.856077915629784
2015-09-11,312.8045349121094,1103.5,317.21385192871094,-14.302928981395835
2015-09-14,315.2479248046875,1107.699951171875,317.5891469319661,-14.624320510010481
2015-09-15,312.37335205078125,1102.800048828125,317.91014506022134,-15.348264378290633
2015-09-16,314.0502014160156,1119.199951171875,318.14171142578124,-14.485741373222716
2015-09-18,308.44476318359375,1138.0999755859375,317.9548634847005,-18.391783819153716
2015-09-21,305.37847900390625,1133.0999755859375,317.4661804199219,-16.69587035825304
2015-09-22,305.52215576171875,1125.0,317.1308064778646,-15.969324293937436
2015-09-23,306.5283203125,1131.5999755859375,316.85931498209635,-17.007184714605195
2015-09-24,311.2713928222656,1153.800048828125,316.6916269938151,-14.3880567299285
2015-09-28,312.46917724609375,1132.0,316.6261505126953,-12.779832708165417
2015-09-29,307.7739562988281,1127.0999755859375,316.18377990722655,-12.675024235923338
2015-09-30,304.5640563964844,1115.5,315.58490498860675,-17.45390466296558
2015-10-01,313.57110595703125,1114.199951171875,315.30064086914064,-15.220515729930373
2015-10-05,317.02056884765625,1138.0999755859375,314.9940144856771,-16.101677872756714
2015-10-06,333.9328918457031,1146.800048828125,315.2271779378255,-10.246641604470508
2015-10-07,330.722900390625,1149.0,315.25432739257815,-11.629421045404175
2015-10-08,326.79425048828125,1144.699951171875,315.5242218017578,-11.74761075007732
2015-10-09,328.8543701171875,1156.300048828125,316.0416493733724,-11.236905757035299
2015-10-12,328.3273620605469,1164.9000244140625,316.6133748372396,-13.327719864036103
2015-10-13,329.09393310546875,1165.800048828125,316.4983896891276,-15.254896610777402
2015-10-14,333.88494873046875,1180.0999755859375,316.71717936197916,-13.362802236608518
2015-10-15,338.19683837890625,1187.9000244140625,317.20107116699216,-10.565042870057583
2015-10-16,339.15509033203125,1183.5999755859375,317.8079345703125,-11.470485286575727
2015-10-19,336.2804260253906,1173.300048828125,318.6974629720052,-11.936393854109262
2015-10-20,337.3824157714844,1178.0,319.4927703857422,-10.92616078987122
2015-10-21,333.2620849609375,1167.5999755859375,319.9670806884766,-11.278175330281737
2015-10-23,329.33349609375,1163.300048828125,320.3280019124349,-10.913015288494199
2015-10-26,330.3874816894531,1167.0,321.0562337239583,-10.62790490718083
2015-10-27,326.17138671875,1166.800048828125,321.3708424886068,-7.154193591093183
2015-10-28,336.1366882324219,1177.0999755859375,322.1645517985026,-7.196799175781187
2015-10-29,337.573974609375,1147.199951171875,322.9901997884115,-7.359973508507267
2015-10-30,335.322265625,1141.5,323.6593444824219,-9.665184933794746
2015-11-02,341.69427490234375,1135.800048828125,324.63670857747394,-9.102438539668888
2015-11-03,333.83697509765625,1114.199951171875,325.2962677001953,-12.499926011234452
2015-11-04,333.4537658691406,1106.5,326.12990112304686,-13.666615545885008
2015-11-05,334.17242431640625,1104.4000244140625,327.08969930013023,-14.73096225581002
2015-11-06,335.4179992675781,1087.5999755859375,328.0862274169922,-15.984464852179059
2015-11-09,339.5862121582031,1087.9000244140625,329.1881571451823,-9.341811718293824
2015-11-10,338.0531311035156,1088.199951171875,330.0808817545573,-7.1920957499466365
2015-11-13,339.8257751464844,1080.800048828125,330.992768351237,-4.852985130612764
2015-11-16,344.66473388671875,1083.699951171875,332.2224609375,-4.427883123511123
2015-11-17,343.41900634765625,1068.699951171875,333.5176259358724,-4.798438218305967
2015-11-18,345.7187194824219,1068.800048828125,334.58921305338544,-2.6190662029819456
2015-11-19,354.4383239746094,1078.0,335.8364715576172,-1.6138675726072305
2015-11-20,356.1631164550781,1076.4000244140625,336.5774790445964,-0.623062562133192
2015-11-23,364.4036560058594,1066.800048828125,337.7001708984375,2.1783009695694577
2015-11-24,362.2476501464844,1074.300048828125,338.8819508870443,0.7802016549675495
2015-11-26,372.30877685546875,1379.0,340.33043111165364,4.730338017168645
2015-11-27,364.0203552246094,1056.199951171875,341.52019755045575,4.369089152297589
2015-11-30,365.5534973144531,1065.800048828125,342.7355163574219,6.141220033395367
2015-12-01,362.1039123535156,1063.800048828125,343.6761484781901,3.5511142978724264
2015-12-02,360.9541015625,1054.199951171875,344.4347239176432,2.014299906108241
2015-12-03,356.4505615234375,1061.699951171875,345.01123962402346,1.1223813000458494
2015-12-04,351.419921875,1084.5,345.51588948567706,-0.41234945093872044
2015-12-07,352.47406005859375,1076.4000244140625,346.0189442952474,1.6411669135709461
2015-12-08,350.5096740722656,1076.300048828125,346.59386393229164,-0.7104876964178164
2015-12-09,344.760498046875,1077.5999755859375,347.10809733072915,-7.182058980094008
2015-12-10,347.587158203125,1073.0999755859375,347.6814198811849,-5.963155692048372
2015-12-11,337.81353759765625,1076.9000244140625,348.0694915771484,-8.169823053837765
2015-12-14,338.4364013671875,1064.699951171875,348.1461486816406,-7.7977252155572945
2015-12-15,348.8328552246094,1062.9000244140625,348.5214447021484,-5.309132859333154
2015-12-16,340.5923767089844,1078.0,348.6971150716146,-6.126999416602008
2015-12-17,338.38848876953125,1050.800048828125,348.58692220052086,-4.169916584037747
2015-12-18,346.6769104003906,1066.199951171875,349.0149200439453,-5.55271352303921
2015-12-21,340.2569885253906,1081.9000244140625,349.241694132487,-7.241570199474612
2015-12-22,346.2457580566406,1074.800048828125,349.6441385904948,-2.7184151352695474
2015-12-23,343.2274169921875,1069.4000244140625,349.9044525146484,-1.632772294893281
2015-12-24,335.992919921875,1077.199951171875,349.78467610677086,-1.9541199950237065
2015-12-28,335.8493347167969,1070.5,349.7112162272135,-0.6157068043914693
2015-12-29,336.61578369140625,1077.5,349.6042165120443,-6.2638912282306
2015-12-30,335.22637939453125,1060.0999755859375,349.28960469563805,-6.489683702555293
2015-12-31,332.6392517089844,1060.300048828125,348.93027954101564,-8.511050474306403
2016-01-01,337.3344421386719,1379.0,348.6508036295573,-5.462358260140143
2016-01-04,336.7116394042969,1075.0999755859375,348.05991414388023,-4.075895499498183
2016-01-05,333.1662902832031,1078.4000244140625,347.29335327148436,-4.698240436056544
2016-01-06,333.3100280761719,1091.9000244140625,346.25689900716145,-6.365376314310611
2016-01-07,329.66888427734375,1107.699951171875,345.1709401448568,-8.161850414690107
2016-01-08,333.4537658691406,1097.800048828125,343.8757731119792,-8.214940385058977
2016-01-11,330.6270751953125,1096.5,342.7626637776693,-8.549677652872623
2016-01-12,332.3997497558594,1085.5999755859375,341.65753885904945,-8.77992991378791
2016-01-13,335.322265625,1087.5,340.7648173014323,-8.71713388894183
2016-01-14,327.4170837402344,1073.9000244140625,339.64691670735675,-7.71234936209474
2016-01-15,321.8116455078125,1091.5,338.4922861735026,-9.752402701696305
2016-01-18,320.27850341796875,1379.0,337.45423889160156,-9.772877079749176
2016-01-19,325.0215759277344,1089.9000244140625,336.5391560872396,-8.436684416828555
2016-01-20,326.60260009765625,1107.0999755859375,335.74225362141925,-8.943612516061473
2016-01-21,329.0460510253906,1099.0999755859375,335.21843872070315,-7.12860009524714
2016-01-22,333.07049560546875,1097.199951171875,334.7345499674479,-5.840946872695152
2016-01-25,339.6341552734375,1106.199951171875,334.7952372233073,-5.0837136535232474
2016-01-27,335.0347595214844,1116.0999755859375,334.6818491617839,-9.101613281289133
2016-01-28,324.8299255371094,1115.5999755859375,333.8817515055338,-13.50108586580122
2016-01-29,348.49749755859375,1116.4000244140625,334.14525553385414,-6.986454285810861
2016-02-01,344.9043273925781,1127.9000244140625,334.3624501546224,-10.96530247883778
2016-02-02,337.2865295410156,1127.300048828125,334.0494374593099,-11.363584052702247
2016-02-03,339.2508239746094,1141.300048828125,334.0158986409505,-10.646211090778824
2016-02-04,346.8685607910156,1157.5999755859375,334.0366587320963,-9.050253500398764
2016-02-05,354.10296630859375,1157.800048828125,334.3991770426432,-14.139661463037145
2016-02-08,356.06732177734375,1197.9000244140625,335.0683237711589,-15.334178374757201
2016-02-09,351.5158386230469,1198.699951171875,335.5905405680339,-14.242413931918351
2016-02-10,354.91741943359375,1194.699951171875,336.2005950927734,-13.932230756769403
2016-02-11,341.4547424316406,1247.9000244140625,336.4082071940104,-17.024555232401628
2016-02-12,340.9755554199219,1239.0999755859375,336.686083984375,-16.70748512312443
2016-02-15,343.70648193359375,1379.0,336.8984853108724,-13.578661662434065
2016-02-16,333.0225524902344,1207.9000244140625,336.7755157470703,-16.04398970968909
2016-02-17,313.18780517578125,1211.0999755859375,336.1095662434896,-20.192104378464638
2016-02-18,319.70355224609375,1226.0999755859375,335.65601704915366,-21.012950923894092
2016-02-19,320.709716796875,1230.4000244140625,335.357378133138,-20.959561050579634
2016-02-22,323.7759094238281,1209.5,335.0347829182943,-20.110165932626213
2016-02-23,315.67913818359375,1222.300048828125,334.53651835123696,-22.281416780530293
2016-02-24,313.2836608886719,1238.699951171875,333.8993153889974,-21.171558122128932
2016-02-25,310.2174072265625,1238.199951171875,333.06248677571614,-24.16810009580066
2016-02-26,316.3498840332031,1219.800048828125,332.6935801188151,-23.20511458537523
2016-02-29,303.557861328125,1233.9000244140625,332.0851206461588,-26.750515994732094
2016-03-01,323.3926696777344,1230.300048828125,332.188926188151,-19.064111692100372
2016-03-02,319.94305419921875,1241.0999755859375,332.01964213053384,-20.439221826404275
2016-03-03,327.8482666015625,1257.4000244140625,332.0611643473307,-18.43478837896031
2016-03-04,324.3029479980469,1269.9000244140625,331.90306091308594,-19.573963169685683
2016-03-08,327.2733154296875,1262.0999755859375,331.70982157389324,-21.027900977319202
2016-03-09,325.6444396972656,1256.5999755859375,331.2434977213542,-17.068154438098336
2016-03-10,324.8778381347656,1272.0,330.9049336751302,-17.939747179178013
2016-03-11,331.5373229980469,1258.699951171875,331.1285135904948,-15.341649485082376
2016-03-14,326.8900451660156,1244.4000244140625,330.40826517740885,-15.366006228834161
2016-03-15,329.4292907714844,1230.4000244140625,329.8924306233724,-13.4175693674782
2016-03-16,325.4527282714844,1229.300048828125,329.4979705810547,-15.665385540319344
2016-03-17,325.3090515136719,1264.5,329.0332448323568,-14.532548819320311
2016-03-18,323.6800842285156,1253.800048828125,328.2602956136068,-15.958893635161397
2016-03-21,327.80035400390625,1243.800048828125,327.3835418701172,-13.640456679538016
2016-03-22,345.8346862792969,1248.199951171875,327.0424540201823,-8.62575193007885
2016-03-23,340.1446838378906,1223.699951171875,326.6634155273438,-11.651228690230175
2016-03-28,315.74530029296875,1219.9000244140625,325.35767822265626,-17.44780936739314
2016-03-29,318.0116882324219,1235.5999755859375,324.5762430826823,-17.47144218886566
2016-03-30,326.2090759277344,1226.9000244140625,324.0840270996094,-12.735655436582183
2016-03-31,327.02880859375,1234.199951171875,323.5281046549479,-12.102297856480105
2016-04-01,327.3664245605469,1222.199951171875,323.3395670572917,-11.193560190872931
2016-04-04,332.2848205566406,1218.0,323.97613423665365,-10.598087405132217
2016-04-05,333.29742431640625,1228.4000244140625,324.42926330566405,-10.164599267447837
2016-04-06,335.7084655761719,1222.5,324.92922159830727,-10.228760284770932
2016-04-07,327.2217102050781,1236.199951171875,325.04408162434896,-12.162801575800374
2016-04-08,323.89453125,1242.5,325.31792805989585,-13.111460628679716
2016-04-11,332.2848205566406,1256.699951171875,325.9513000488281,-10.586656586873877
2016-04-12,337.92657470703125,1259.4000244140625,326.87493896484375,-12.042508053307122
2016-04-13,340.2893371582031,1246.800048828125,327.6729207356771,-12.081017666899474
2016-04-18,348.9207763671875,1233.5999755859375,329.1850179036458,-10.039041394074955
2016-04-20,360.4935607910156,1253.199951171875,330.4217142740885,-5.31231701466528
2016-04-21,356.2020263671875,1249.0,331.6303466796875,-6.57968160971979
2016-04-22,358.4200744628906,1228.699951171875,332.6494069417318,-9.238238410046373
2016-04-25,360.30072021484375,1238.9000244140625,333.8493326822917,-7.985711768369352
2016-04-26,358.6130065917969,1242.199951171875,334.89398905436195,-7.266994042012809
2016-04-27,358.2754821777344,1249.199951171875,335.9816904703776,-4.727669782366295
2016-04-28,356.3948974609375,1265.5,337.0322591145833,-5.203759170175282
2016-04-29,343.23077392578125,1289.199951171875,337.4220408121745,-8.076833706804864
2016-05-02,354.5625,1294.699951171875,338.3444559733073,-5.964988617027068
2016-05-03,347.28131103515625,1290.699951171875,338.9395233154297,-9.574001792672926
2016-05-04,347.23309326171875,1273.300048828125,339.66553548177086,-7.862325034211115
2016-05-05,346.413330078125,1271.4000244140625,340.3690114339193,-5.844267445973106
2016-05-06,352.44085693359375,1292.9000244140625,341.32770385742185,-4.119151865627124
2016-05-09,352.48907470703125,1265.5999755859375,342.1506612141927,-3.0261687646080615
2016-05-10,358.6130065917969,1263.9000244140625,342.57660522460935,-1.5862568514033448
2016-05-11,358.7576904296875,1274.5999755859375,343.19703877766926,-2.1726644352458857
2016-05-12,360.68646240234375,1270.300048828125,344.69507751464846,-1.4292251689547175
2016-05-13,351.71759033203125,1271.9000244140625,345.8186075846354,-3.6295971177218167
2016-05-16,351.86224365234375,1273.4000244140625,346.6737131754557,0.02328418381041253
2016-05-17,351.76580810546875,1276.199951171875,347.49827982584634,4.506419576883003
2016-05-18,352.2478942871094,1273.699951171875,348.3276621500651,0.6503996556640912
2016-05-19,350.9942932128906,1254.199951171875,348.95131123860676,1.6469512934479624
2016-05-20,353.0195007324219,1252.4000244140625,349.6087137858073,0.9395228110676168
2016-05-23,349.6922912597656,1251.0999755859375,350.07484130859376,1.2280263766521138
2016-05-24,349.6922912597656,1228.9000244140625,350.82386067708336,-0.16130198662918094
2016-05-25,351.5728454589844,1223.5,351.74647115071616,-2.4865783327151503
2016-05-26,349.0172119140625,1220.0999755859375,352.30421752929686,-3.3994753976286263
2016-05-27,347.618896484375,1213.800048828125,352.627294921875,-2.9168143270360547
2016-05-30,350.60845947265625,1379.0,352.9712656656901,-2.0428316806965108
2016-05-31,347.66705322265625,1214.800048828125,352.9294748942057,-1.4093814470371835
2016-06-01,346.4615478515625,1211.9000244140625,352.4617411295573,-1.896880897130282
2016-06-02,345.3042907714844,1209.800048828125,352.0984832763672,-2.1190426552501807
2016-06-03,342.7004089355469,1240.0999755859375,351.5744944254557,-3.274734261072787
2016-06-06,340.43402099609375,1244.5999755859375,350.9122711181641,-5.948556660231519
2016-06-07,347.7635192871094,1244.4000244140625,350.5506215413412,-3.4284118653533424
2016-06-08,349.1618957519531,1259.800048828125,350.24683532714846,-2.5247651027638707
2016-06-09,351.6692810058594,1270.199951171875,350.0893147786458,0.13100840410613657
2016-06-10,349.1136779785156,1273.4000244140625,350.28541158040366,-0.24516318284683036
2016-06-13,351.2353210449219,1284.4000244140625,350.17450561523435,2.068447788407979
2016-06-14,353.9838562011719,1285.5999755859375,350.3979237874349,2.2308835487266254
2016-06-15,353.7909851074219,1285.800048828125,350.61652018229165,5.301659635518741
2016-06-16,358.2754821777344,1296.0999755859375,351.0119252522787,4.678974471641828
2016-06-17,362.95281982421875,1292.5,351.36232401529946,4.548080122329257
2016-06-20,363.1938781738281,1290.0,351.719150797526,7.871090952927373
2016-06-21,362.0848693847656,1270.5,351.8348795572917,9.318892488995601
2016-06-22,365.7977600097656,1268.0,352.0695485432943,11.626881058524097
2016-06-23,374.3327941894531,1261.199951171875,352.52442626953126,13.277171903437868
2016-06-24,376.5508728027344,1320.0,353.352202351888,11.759228740413619
2016-06-27,377.5634765625,1322.5,354.2089101155599,10.54502306148597
2016-06-28,376.02044677734375,1315.300048828125,355.01739807128905,10.277673086876593
2016-06-29,382.3855285644531,1323.9000244140625,356.02198588053386,9.679502368786697
2016-06-30,391.7884521484375,1318.4000244140625,357.3817911783854,15.207576238357312
2016-07-01,391.4028015136719,1336.699951171875,358.66123453776044,15.303963419869305
2016-07-04,390.8240661621094,1379.0,360.03229370117185,16.35710997314883
2016-07-05,387.5932922363281,1356.4000244140625,361.2956604003906,13.05622342314756
2016-07-07,388.50946044921875,1360.0999755859375,362.5268809000651,13.733992770726978
2016-07-08,387.1593322753906,1356.5999755859375,363.79828491210935,11.033599153632089
2016-07-11,388.3166198730469,1355.0,365.1548756917318,12.719501837088231
2016-07-12,391.59552001953125,1334.0999755859375,366.5211110432943,15.799137376968275
2016-07-13,390.3900451660156,1342.4000244140625,367.94521077473956,14.780329418613448
2016-07-14,400.1305847167969,1331.300048828125,369.7341786702474,18.12353950097487
2016-07-15,402.8790283203125,1326.5,371.65333658854166,17.22195421187509
2016-07-18,399.0697326660156,1328.4000244140625,373.532314046224,18.109056298423432
2016-07-19,398.5392761230469,1331.5,375.4691558837891,16.3944700720408
2016-07-20,397.4302062988281,1318.800048828125,377.124712117513,17.34284583089827
2016-07-21,394.63348388671875,1330.5,378.6404317220052,16.027961883275488
2016-07-22,395.11566162109375,1323.0999755859375,380.08864440917966,15.346512160376747
2016-07-25,398.0570373535156,1319.300048828125,381.7200897216797,19.220049574429332
2016-07-26,399.2626037597656,1320.699951171875,383.3209991455078,19.615233724470293
2016-07-27,397.04449462890625,1326.5999755859375,384.7563537597656,18.746169490622
2016-07-28,411.4140625,1332.300048828125,386.6771230061849,24.398419950377992
2016-07-29,406.399169921875,1349.0,388.2812459309896,24.83518280066623
2016-08-01,407.2671203613281,1351.4000244140625,389.7583892822266,25.749498474930334
2016-08-02,408.3761291503906,1364.4000244140625,391.26446431477865,26.447327130123675
2016-08-03,399.98590087890625,1356.0999755859375,392.52783203125,22.73878048947222
2016-08-04,393.6690979003906,1358.800048828125,393.4568766276042,22.31084189138719
2016-08-05,401.6253662109375,1336.4000244140625,394.3666290283203,22.880525088599747
2016-08-08,404.7596740722656,1333.4000244140625,395.3069224039713,24.772269686877515
2016-08-09,405.1454162597656,1339.0,396.2263203938802,24.799005879909373
2016-08-10,389.57037353515625,1344.300048828125,396.6779846191406,25.61859480514983
2016-08-11,386.0985107421875,1342.5,396.8017506917318,27.010653627696655
2016-08-12,387.64154052734375,1335.800048828125,396.66352030436195,28.042933396342207
2016-08-16,390.1489562988281,1350.5,396.62172546386716,27.041640407514222
2016-08-17,390.2453918457031,1342.699951171875,396.60243631998696,24.2621052577366
2016-08-18,383.9767761230469,1351.199951171875,396.4818857828776,19.978131096514673
2016-08-19,387.689697265625,1340.4000244140625,396.4545603434245,22.848581128621937
2016-08-22,388.6059265136719,1337.699951171875,396.5027801513672,23.495134953648012
2016-08-23,392.2706604003906,1340.5999755859375,396.63458150227865,24.017748901668522
2016-08-24,389.7632141113281,1324.4000244140625,396.57350463867186,23.957291197159456
2016-08-25,381.0353698730469,1320.0999755859375,396.2616821289063,18.68594168919122
2016-08-26,391.30621337890625,1321.5,395.9675364176432,21.323859674719813
2016-08-29,388.84698486328125,1322.9000244140625,395.4998016357422,20.72280547301868
2016-08-30,393.0904541015625,1311.699951171875,395.3004923502604,20.498812111560106
2016-08-31,403.60235595703125,1306.9000244140625,395.4692616780599,23.449207624606274
2016-09-01,398.7803649902344,1312.199951171875,395.51426696777344,20.87608098061513
2016-09-02,403.4577331542969,1322.0999755859375,395.80840861002605,26.595858672688145
2016-09-06,421.8778076171875,1349.4000244140625,396.7004801432292,34.6426228333045
2016-09-07,410.1603088378906,1344.300048828125,397.1039225260417,31.809920599038776
2016-09-08,417.44158935546875,1336.800048828125,397.7098887125651,25.529924652087743
2016-09-09,408.8583984375,1330.0999755859375,398.1036855061849,24.910432110350666
2016-09-12,396.65869140625,1321.0,397.6118398030599,22.546523784951834
2016-09-14,399.79296875,1321.5,397.3916330973307,24.56581396943176
2016-09-15,391.9330139160156,1313.5,396.8804962158203,26.59556945211805
2016-09-16,393.0904541015625,1305.800048828125,396.3709737141927,25.378428909718266
2016-09-19,388.50946044921875,1313.5,395.98842569986977,21.777287420990078
2016-09-20,388.50946044921875,1313.699951171875,395.8164377848307,21.978748275333437
2016-09-21,391.9813232421875,1326.9000244140625,395.4949696858724,27.043706905146614
2016-09-22,399.6483154296875,1340.4000244140625,395.3245910644531,26.17825084444494
2016-09-23,394.4405822753906,1337.199951171875,394.96776326497394,26.291544328623438
2016-09-26,390.3418273925781,1339.699951171875,394.9934783935547,24.78777761398341
2016-09-27,390.92047119140625,1325.9000244140625,395.1542104085286,24.004137833294802
2016-09-28,395.11566162109375,1319.4000244140625,395.4033477783203,26.488274056380277
2016-09-29,379.1547546386719,1321.699951171875,395.03687438964846,20.73061979553188
2016-09-30,381.0353698730469,1313.300048828125,394.72987365722656,23.53439427540076
2016-10-03,392.1260070800781,1309.0,395.0015146891276,28.40656236127963
2016-10-04,392.07781982421875,1266.300048828125,395.1477854410807,28.330404990335968
2016-10-05,391.450927734375,1265.199951171875,395.24261881510415,27.704652978001487
2016-10-06,384.6518859863281,1249.800048828125,394.98865966796876,23.574441743177598
2016-10-07,381.22821044921875,1248.9000244140625,394.70415954589845,22.005061046060213
2016-10-10,389.3292541503906,1379.0,394.9806223551432,26.498440229418808
2016-10-13,374.3810119628906,1255.0,394.41644897460935,22.923570296659655
2016-10-14,371.5360412597656,1253.0999755859375,393.83941752115885,18.48541979842917
2016-10-17,372.3558044433594,1254.4000244140625,393.1482625325521,17.454777712639324
2016-10-18,376.2134094238281,1260.800048828125,392.23529764811195,12.661381556166408
2016-10-19,374.5738525390625,1267.9000244140625,391.4284138997396,13.259121789463046
2016-10-20,375.73114013671875,1265.5999755859375,390.504194132487,14.974831893559394
2016-10-21,365.894287109375,1265.9000244140625,388.63807678222656,11.263319073116861
2016-10-24,364.1100769042969,1262.0,387.1030690511068,10.898486991514078
2016-10-25,360.0113830566406,1271.9000244140625,385.18872884114586,9.394718905760978
2016-10-26,362.1812744140625,1264.800048828125,383.63282470703126,8.474873093616498
2016-10-27,356.057373046875,1267.9000244140625,382.2794474283854,5.281106338421271
2016-10-28,360.25244140625,1275.5,380.9614298502604,6.220561529406665
2016-11-01,359.4327697753906,1286.4000244140625,379.8780883789062,6.884832407180275
2016-11-02,364.1582946777344,1306.800048828125,378.91368306477864,7.936358759250162
2016-11-03,363.7725524902344,1302.0999755859375,378.08911946614586,9.155097116095012
2016-11-04,355.9126892089844,1303.300048828125,377.0025604248047,8.070601208347238
2016-11-07,357.31109619140625,1278.300048828125,375.8468861897787,8.149102491498116
2016-11-08,357.9378967285156,1273.4000244140625,374.4565388997396,9.739208067676742
2016-11-09,336.383544921875,1272.5999755859375,372.52130432128905,0.07343937692467772
2016-11-10,336.9139404296875,1265.5,370.74037475585936,-0.1955228273895382
2016-11-11,323.0265808105469,1379.0,368.4772450764974,-3.6668262370038174
2016-11-15,317.6741943359375,1224.0,365.89586283365884,-7.029699450853011
2016-11-16,308.8981018066406,1223.4000244140625,363.55397440592446,-7.470374809057723
2016-11-17,304.6546936035156,1216.5,361.00795186360676,-8.636601296302892
2016-11-18,292.5032043457031,1208.5,357.68719177246095,-12.469377165378926
2016-11-21,293.2746887207031,1209.5999755859375,354.3937540690104,-12.564415338145096
2016-11-22,295.97509765625,1211.0,351.2112263997396,-12.842427913897758
2016-11-23,301.3757019042969,1189.0999755859375,348.4353535970052,-10.849604936209778
2016-11-24,296.6019592285156,1379.0,345.6144785563151,-12.719404788920674
2016-11-25,304.8958435058594,1178.199951171875,342.80003153483074,-11.538427483541225
2016-11-28,295.6375732421875,1190.5999755859375,340.1752502441406,-13.913450397995087
2016-11-29,302.67767333984375,1187.9000244140625,337.8799713134766,-12.449729712934033
2016-11-30,311.9841613769531,1170.800048828125,335.867583211263,-11.977870260073086
2016-12-01,313.3343505859375,1166.9000244140625,333.77161458333336,-12.025042428710474
2016-12-02,302.05084228515625,1175.0999755859375,331.35418090820315,-17.11091881023843
2016-12-05,314.2505187988281,1174.0,329.30482686360676,-13.24981164908795
2016-12-06,311.9841613769531,1167.5999755859375,327.50782267252606,-16.202845387642796
2016-12-07,312.6591796875,1175.0,325.79279276529945,-14.109424047294905
2016-12-08,314.97381591796875,1169.800048828125,324.2915405273437,-13.836464913636204
2016-12-09,314.9255676269531,1159.4000244140625,322.7163503011068,-13.028951943635203
2016-12-12,310.24822998046875,1163.5,321.1893788655599,-14.047733870465917
2016-12-13,308.65692138671875,1156.699951171875,319.4695281982422,-13.40821008457752
2016-12-14,310.6822509765625,1161.300048828125,317.8445109049479,-11.592305490560062
2016-12-15,304.12432861328125,1127.800048828125,315.8433787027995,-13.717245302328074
2016-12-16,310.24822998046875,1135.300048828125,314.0592346191406,-11.486542903091468
2016-12-19,305.57086181640625,1140.5,312.3811737060547,-11.367206061159706
2016-12-20,306.6317138671875,1131.5,310.6918609619141,-11.782784078577413
2016-12-21,308.31939697265625,1131.0999755859375,309.0379109700521,-8.730893626923919
2016-12-22,298.7718505859375,1128.800048828125,307.78418782552086,-11.719942246465342
2016-12-23,303.1116638183594,1131.9000244140625,306.6574452718099,-13.106905132777891
2016-12-26,296.8912658691406,1379.0,305.78626810709636,-12.830912794382277
2016-12-27,305.08868408203125,1137.300048828125,305.3667510986328,-9.840702563076764
2016-12-28,303.0634765625,1139.4000244140625,305.17226359049477,-12.580426480529027
2016-12-29,309.52496337890625,1156.4000244140625,305.33460591634116,-9.032004097747159
2016-12-30,315.1667175292969,1150.0,306.0900563557943,-8.97600614713081
2017-01-02,322.0621643066406,1379.0,307.0496388753255,-6.166539046042652
2017-01-03,335.75665283203125,1160.4000244140625,308.3756907145182,-0.07031906800258891
2017-01-04,346.8472900390625,1163.800048828125,309.8914103190104,3.274669378618711
2017-01-05,345.3042907714844,1179.699951171875,311.5148213704427,2.581134783639061
2017-01-06,342.5557556152344,1171.9000244140625,312.77015177408856,2.186396021083148
2017-01-09,341.9770202636719,1183.5,314.31480000813804,2.8071757938106456
2017-01-10,348.5832214355469,1184.199951171875,315.84498494466146,3.3346074078765
2017-01-11,347.908203125,1195.5999755859375,317.0424530029297,3.3252677990317947
2017-01-12,350.75311279296875,1198.9000244140625,318.2897450764974,5.278692059396595
2017-01-13,345.5935974121094,1195.300048828125,319.7411702473958,3.685328463363935
2017-01-16,349.93341064453125,1379.0,320.93059997558595,6.146933281740763
2017-01-17,347.1366271972656,1212.0,322.10234883626305,4.103375858557445
2017-01-18,353.9356689453125,1211.300048828125,323.4782318115234,7.049813974318608
2017-01-19,359.4327697753906,1200.9000244140625,324.96019694010414,8.132683625479986
2017-01-20,347.8599548339844,1204.300048828125,326.0580098470052,3.7389969275126056
2017-01-23,350.9942932128906,1215.0,327.4162119547526,7.200971068254303
2017-01-24,351.3800048828125,1210.300048828125,328.84031473795574,9.18809489580208
2017-01-25,358.9023742675781,1197.300048828125,330.44765218098956,12.059464009423259
2017-01-27,359.5291748046875,1188.0999755859375,332.2944803873698,10.617017894413738
2017-01-30,358.2273254394531,1193.199951171875,333.89378356933594,9.682937408440996
2017-01-31,349.1618957519531,1208.5999755859375,335.34681803385416,6.11338281188194
2017-02-01,356.7806396484375,1205.5999755859375,337.01844889322916,7.118656367285703
2017-02-02,375.44183349609375,1216.699951171875,339.2558634440104,10.543014495649805
2017-02-03,366.2318115234375,1218.5,341.50452880859376,9.31158666835361
2017-02-06,377.1295471191406,1230.0,343.97179158528644,16.100616806026522
2017-02-07,379.4441223144531,1234.199951171875,346.7235534667969,8.880013478620818
2017-02-08,410.4496765136719,1237.5999755859375,350.23558654785154,19.003921932962164
2017-02-09,411.7998046875,1235.0999755859375,353.8601308186849,22.091980740494765
2017-02-10,416.6217956542969,1234.4000244140625,357.4300252278646,22.806421152709767
2017-02-13,413.10174560546875,1224.4000244140625,360.69452616373695,19.09460594047838
2017-02-14,413.10174560546875,1223.9000244140625,363.7291788736979,16.661475590537343
2017-02-15,397.76776123046875,1231.699951171875,365.7962158203125,11.711391892121226
2017-02-16,408.9066162109375,1240.0,367.86486002604164,16.32665481382034
2017-02-17,416.1396484375,1237.5999755859375,370.2260386149089,17.249710961386366
2017-02-20,418.9845886230469,1379.0,372.77366638183594,22.705745903332343
2017-02-21,441.0211486816406,1237.5,376.07513732910155,29.340986962689897
2017-02-22,424.3370666503906,1232.0,378.6002655029297,23.459139979901565
2017-02-23,417.5380554199219,1250.199951171875,380.9212605794271,25.378312158653536
2017-02-27,419.85260009765625,1257.4000244140625,383.2245768229167,34.057774012627284
2017-02-28,421.63677978515625,1252.5999755859375,385.7593495686849,31.883670613893834
2017-03-01,422.5528869628906,1248.9000244140625,388.17999877929685,31.75556112960529
2017-03-02,415.1269836425781,1231.9000244140625,390.44634399414065,28.214290056759573
2017-03-03,424.1924133300781,1225.5,392.7882354736328,34.374547450574596
2017-03-06,422.4564514160156,1224.5,394.88902486165364,34.84790436170857
2017-03-07,423.903076171875,1215.0999755859375,397.4237955729167,36.64709532637023
2017-03-08,425.25323486328125,1208.5,399.8990936279297,34.42496941729492
2017-03-09,426.5069580078125,1202.4000244140625,402.403325398763,40.50268905630088
2017-03-10,429.4483947753906,1200.699951171875,404.7548594156901,32.7947214150965
2017-03-14,445.74676513671875,1201.9000244140625,407.6287790934245,39.320657000156615
2017-03-15,445.60211181640625,1200.0999755859375,410.54127197265626,35.91717791753686
2017-03-16,449.2186279296875,1226.5,413.8764963785807,38.51820672699926
2017-03-17,447.0004577636719,1229.800048828125,416.8838236490885,36.58322774552847
2017-03-20,448.97747802734375,1233.5999755859375,419.3350118001302,37.87352808625699
2017-03-21,447.19342041015625,1246.0999755859375,422.0337320963542,37.64971565239601
2017-03-22,429.8823547363281,1249.300048828125,423.7921590169271,29.663336498274305
2017-03-23,435.909912109375,1246.9000244140625,425.6743520100911,33.35062310875576
2017-03-24,432.0040283203125,1248.199951171875,426.39283040364586,31.137102990632748
2017-03-27,432.0040283203125,1255.4000244140625,427.06630452473956,32.739409073242044
2017-03-28,437.5011291503906,1255.300048828125,427.7622823079427,34.487843825643935
2017-03-29,438.80303955078125,1253.4000244140625,428.6189921061198,35.56689488531821
2017-03-30,441.0211486816406,1245.0,429.5496388753255,34.53955839119844
2017-03-31,446.2772521972656,1247.300048828125,431.1666219075521,29.043519896338886
2017-04-03,442.99822998046875,1250.800048828125,432.3030090332031,30.238175408790767
2017-04-05,474.244873046875,1245.4000244140625,434.23984985351564,50.19855326645881
2017-04-06,470.04974365234375,1250.300048828125,435.9420216878255,47.80895201210447
2017-04-07,468.1208801269531,1254.300048828125,436.84534606933596,43.50332797934069
2017-04-10,468.45843505859375,1251.0999755859375,438.31605834960936,43.24684026248404
2017-04-11,469.4228210449219,1271.199951171875,440.04555053710936,43.39369765090295
2017-04-12,462.72027587890625,1275.300048828125,441.47447306315104,39.25411191030675
2017-04-13,466.9153747558594,1285.9000244140625,442.9837595621745,40.08970387740134
2017-04-17,464.1186218261719,1289.4000244140625,444.36928405761716,38.250496909457254
2017-04-18,454.4263610839844,1291.699951171875,445.67926330566405,38.874147683900276
2017-04-19,455.4389953613281,1281.4000244140625,446.72081604003904,40.613363740246264
2017-04-20,462.4309387207031,1281.9000244140625,448.0532989501953,39.16703686495304
2017-04-21,462.3345031738281,1287.4000244140625,449.3343465169271,36.81507693635919
2017-04-24,465.1795349121094,1275.800048828125,450.66522318522135,36.70117870776652
2017-04-25,466.4332275390625,1265.5999755859375,451.996098836263,33.67883460405079
2017-04-26,462.72027587890625,1262.0999755859375,453.10516153971355,28.357431645541432
2017-04-27,461.273681640625,1263.699951171875,453.6227254231771,29.49777022467732
2017-04-28,453.5102233886719,1266.0999755859375,453.8863291422526,26.530363587552497
2017-05-02,467.83160400390625,1255.0999755859375,454.5067616780599,29.844759601075154
2017-05-03,466.1921081542969,1246.4000244140625,455.1464833577474,29.998661394051297
2017-05-04,475.1128234863281,1226.5,456.0176615397135,32.61103455877361
2017-05-05,473.7144470214844,1224.800048828125,456.9016957600912,32.91841448807658
2017-05-08,467.3011169433594,1225.300048828125,458.14898783365885,36.147791061534186
2017-05-09,450.5205383300781,1214.300048828125,458.63600870768227,27.06378659053852
2017-05-10,465.22772216796875,1217.300048828125,459.74346516927085,33.962786762479254
2017-05-11,483.31024169921875,1222.699951171875,461.45367228190105,39.18899179777633
2017-05-12,477.3791809082031,1226.199951171875,462.78294067382814,37.80623880742176
2017-05-15,466.4332275390625,1228.5999755859375,463.7039469401042,32.343687845177094
2017-05-16,470.9176940917969,1235.0,464.70049845377605,33.5978127785086
2017-05-17,464.60089111328125,1257.5,465.3112864176432,29.554947136127897
2017-05-18,454.8604431152344,1251.699951171875,465.7066935221354,26.78764950528132
2017-05-19,454.3781433105469,1252.699951171875,465.0444691975911,25.975934966943836
2017-05-22,464.2633361816406,1260.699951171875,464.8515889485677,31.998895973147956
2017-05-23,461.32196044921875,1254.800048828125,464.6249582926432,31.108684938934882
2017-05-24,452.4975891113281,1252.4000244140625,464.092930094401,28.63603530666554
2017-05-25,447.38623046875,1255.800048828125,463.35837707519534,27.0089155179152
2017-05-26,456.59625244140625,1267.5999755859375,463.15424296061195,30.086517436471325
2017-05-29,453.89599609375,1379.0,462.720263671875,28.575332283920908
2017-05-30,453.0762023925781,1262.0999755859375,462.35218302408856,29.56425226314603
2017-05-31,457.99468994140625,1272.0,462.47112731933595,30.97077098596641
2017-06-01,453.9442138671875,1267.0,462.4213012695312,29.11811015283492
2017-06-02,454.956787109375,1276.800048828125,462.172162882487,30.353682162069905
2017-06-05,532.2053833007812,1279.300048828125,464.5011922200521,53.10024532130208
2017-06-06,508.3847351074219,1294.4000244140625,465.9413655598958,45.00070416785551
2017-06-07,517.1124877929688,1290.0999755859375,467.63067423502605,48.73784645385844
2017-06-08,510.26531982421875,1276.300048828125,469.21550903320315,47.27906256507175
2017-06-09,506.74517822265625,1268.5,470.7312255859375,46.753223682937175
2017-06-12,497.438720703125,1266.0999755859375,472.1955088297526,45.1526487080091
2017-06-13,502.0195617675781,1265.800048828125,473.335107421875,47.464568993043876
2017-06-14,503.3216247558594,1272.800048828125,474.5727579752604,44.731001626517106
2017-06-15,499.2229309082031,1252.199951171875,475.3764282226563,42.97749467566596
2017-06-16,498.0173645019531,1254.0,476.1865254720052,41.61525939300208
2017-06-19,496.8600769042969,1244.199951171875,477.1718241373698,42.320426911166045
2017-06-20,507.95074462890625,1241.0,479.08616434733074,44.61835532877429
2017-06-21,504.4787902832031,1243.4000244140625,480.3945332845052,42.51463207873067
2017-06-22,501.3927001953125,1247.5999755859375,480.9972819010417,41.720032816289596
2017-06-23,495.02764892578125,1256.199951171875,481.5855641682943,38.16955765904362
2017-06-27,497.6316223144531,1246.4000244140625,482.62551066080727,37.106421312682045
2017-06-28,489.2413024902344,1248.0,483.2362976074219,34.70527227776641
2017-06-29,491.45947265625,1244.199951171875,484.13158365885414,35.73046382504479
2017-06-30,505.78094482421875,1240.699951171875,485.8289337158203,38.26791744452345
2017-07-03,513.4478759765625,1217.9000244140625,487.7979248046875,37.16347697730753
2017-07-04,516.4856567382812,1379.0,489.5386688232422,37.16225191406082
2017-07-05,512.869140625,1220.4000244140625,491.2569081624349,35.83653410927903
2017-07-06,514.9426879882812,1222.199951171875,493.3384114583333,36.94539549685678
2017-07-07,513.5443115234375,1208.5999755859375,495.54368082682294,34.30014296079118
2017-07-10,517.6428833007812,1212.0999755859375,497.5785685221354,32.123057854870375
2017-07-11,509.8795166015625,1213.5999755859375,499.44468587239584,30.269766754276084
2017-07-12,511.9046630859375,1218.0999755859375,501.4056345621745,30.980844683603827
2017-07-13,515.135498046875,1216.300048828125,503.3103281656901,32.906195325170984
2017-07-14,514.6533203125,1226.5999755859375,505.33396504720054,32.46867134649074
2017-07-17,514.7498168945312,1232.800048828125,507.3270660400391,32.9555493004064
2017-07-18,508.9633483886719,1241.0999755859375,506.5523315429688,31.069164269885817
2017-07-19,514.07470703125,1241.199951171875,506.74199727376305,31.27696328231997
2017-07-20,510.94036865234375,1244.800048828125,506.5362599690755,30.879456322986766
2017-07-21,523.8634033203125,1254.300048828125,506.9895294189453,30.923109437158082
2017-07-24,521.4891967773438,1253.9000244140625,507.4809967041016,29.44064101612387
2017-07-25,519.5511474609375,1251.699951171875,508.21807759602865,30.190566944287323
2017-07-26,521.2470092773438,1249.0,508.85899251302084,30.789370209126265
2017-07-27,511.1204528808594,1259.5999755859375,509.11895345052085,28.606342643353955
2017-07-28,516.64404296875,1268.4000244140625,509.6996571858724,30.917437081201893
2017-07-31,527.4003295898438,1266.5999755859375,510.67908935546876,33.47998594285229
2017-08-01,522.6520385742188,1272.5999755859375,511.5388214111328,31.300790974347215
2017-08-02,535.6856079101562,1271.800048828125,512.4633168538411,34.16874079007801
2017-08-03,540.7730712890625,1267.800048828125,513.6731262207031,36.19961455314744
2017-08-04,592.2776489257812,1258.300048828125,516.7026245117188,43.961449768329494
2017-08-07,595.8146362304688,1258.199951171875,520.0621907552083,46.608231592846614
2017-08-08,590.533447265625,1256.4000244140625,523.1589182535807,44.999047981507246
2017-08-09,599.9814453125,1273.0,526.8502563476562,46.918833517702474
2017-08-10,591.4539184570312,1283.699951171875,530.1834045410156,47.86869166073207
2017-08-11,588.2076416015625,1287.699951171875,532.9309611002604,49.4167677216045
2017-08-14,610.8832397460938,1284.199951171875,536.1788065592448,52.10275324722693
2017-08-16,608.2667846679688,1276.9000244140625,539.2381774902344,50.278504414293266
2017-08-17,602.2587890625,1286.4000244140625,542.217832438151,48.652499791914686
2017-08-18,604.1968383789062,1285.699951171875,545.1929707845052,55.09311780978676
2017-08-21,596.4444580078125,1290.800048828125,547.956309000651,54.47986496018393
2017-08-22,596.0569458007812,1285.0999755859375,550.5701110839843,53.76498220234891
2017-08-23,588.692138671875,1288.9000244140625,553.1971984863281,50.88907176800852
2017-08-24,588.013916015625,1286.5,555.7341735839843,50.67799090068856
2017-08-28,593.2951049804688,1309.699951171875,558.3394938151042,54.51327837346731
2017-08-29,581.8604125976562,1313.0999755859375,560.5797302246094,50.084053484401856
2017-08-30,592.665283203125,1308.0999755859375,563.1769124348958,52.510613649190944
2017-08-31,597.9949340820312,1316.199951171875,566.1446319580078,52.444471241274556
2017-09-01,594.50634765625,1324.5,568.8256866455079,52.53013268882811
2017-09-04,593.2951049804688,1379.0,571.570844523112,55.70604513122823
2017-09-05,619.0716552734375,1339.199951171875,574.7444529215495,58.206446539090194
2017-09-06,620.961181640625,1333.9000244140625,578.0601857503256,59.69293984855126
2017-09-07,617.27880859375,1345.0999755859375,581.3177744547526,57.03225610110189
2017-09-08,613.7903442382812,1346.0,584.4025522867838,52.07798844058959
2017-09-11,613.3543090820312,1331.0,587.8103474934895,53.80754995222785
2017-09-12,618.151123046875,1328.0,591.193916829427,53.213353531253695
2017-09-13,610.7863159179688,1323.4000244140625,593.9734497070312,44.77801507686725
2017-09-14,613.9356079101562,1324.699951171875,597.0162353515625,49.68186698747699
2017-09-15,612.5791015625,1320.4000244140625,599.5793518066406,46.74606392437424
2017-09-18,626.0971069335938,1306.300048828125,602.423486328125,53.1329940454438
2017-09-19,621.68798828125,1306.199951171875,603.4038309733073,56.731215463152274
2017-09-20,611.270751953125,1312.0,603.9190348307292,52.89682403978622
2017-09-21,599.4000854492188,1290.5999755859375,604.214589436849,52.93431891850267
2017-09-22,583.6530151367188,1293.300048828125,603.6703084309896,48.47804342405138
2017-09-25,583.5078735351562,1306.800048828125,603.405440266927,50.191419498631575
2017-09-26,573.9142456054688,1297.0,602.9289937337239,47.72207733162366
2017-09-27,571.7339477539062,1283.4000244140625,601.6240173339844,45.85744622344106
2017-09-28,557.8281860351562,1285.5,599.9427307128906,39.57976663442193
2017-09-29,566.4526977539062,1281.5,598.7491943359375,43.60913232767214
2017-10-03,581.4727172851562,1271.5,597.9917236328125,48.965003614729774
2017-10-04,582.2965087890625,1273.699951171875,597.5201253255208,48.95523557883794
2017-10-05,577.3059692382812,1269.9000244140625,596.8950927734375,46.11062666301078
2017-10-06,578.129638671875,1271.5999755859375,596.5430094401041,52.47854117583803
2017-10-09,597.074462890625,1281.800048828125,596.8450276692708,56.69791050882176
2017-10-10,596.78369140625,1290.5999755859375,596.9613138834635,52.191816056816066
2017-10-11,591.6962280273438,1285.800048828125,597.2891743977865,50.912956079132556
2017-10-12,604.1483764648438,1293.300048828125,597.671944173177,54.33566091195927
2017-10-13,605.7957763671875,1301.5,597.931972249349,57.49195530753737
2017-10-16,608.0245361328125,1299.9000244140625,598.382578531901,59.49096091717587
2017-10-17,606.377197265625,1283.0,598.8186482747395,55.74919963024223
2017-10-18,593.9249877929688,1279.9000244140625,597.9804260253907,58.64185650842777
2017-10-19,588.1592407226562,1286.9000244140625,596.8870279947917,58.30476061713617
2017-10-23,585.3489379882812,1277.699951171875,595.8226989746094,57.20150753748252
2017-10-24,587.2870483398438,1275.0,594.9392557779948,56.104762251636764
2017-10-25,572.4607543945312,1275.4000244140625,593.5761372884115,52.829876008185074
2017-10-26,566.5496215820312,1266.300048828125,591.8560872395833,50.78591073816203
2017-10-27,571.7824096679688,1268.5,590.55595703125,56.26983798657905
2017-10-30,599.1578369140625,1274.0999755859375,590.0633646647135,64.55403871493121
2017-10-31,615.5830078125,1267.0,590.1634948730468,70.98987331621407
2017-11-01,617.7149658203125,1274.0999755859375,589.8840901692708,70.55408698852608
2017-11-02,634.866943359375,1274.9000244140625,590.323388671875,78.30467543099991
2017-11-03,639.3245849609375,1266.5,591.2585164388021,77.46571889015543
2017-11-06,759.4371337890625,1279.4000244140625,596.5930847167969,111.287672591354
2017-11-07,730.4627685546875,1273.699951171875,601.4867431640625,100.58935337477841
2017-11-08,720.2877807617188,1281.5999755859375,606.046073404948,98.00498301230552
2017-11-09,753.8167114257812,1285.5999755859375,612.042822265625,111.79821183142926
2017-11-10,757.838134765625,1272.4000244140625,618.2462951660157,112.09476639361414
2017-11-13,741.4129638671875,1277.300048828125,624.3657877604167,107.13452547035706
2017-11-14,750.3281860351562,1281.5,630.494970703125,123.05733956440106
2017-11-15,747.1788330078125,1276.5,636.0185078938802,121.77142093167426
2017-11-16,744.5139770507812,1277.4000244140625,641.4257568359375,130.4807162254657
2017-11-17,761.95654296875,1295.800048828125,647.5807759602865,139.85471799544035
2017-11-20,759.6793212890625,1274.5999755859375,653.6324320475261,145.93201345231805
2017-11-21,790.2041625976562,1281.0999755859375,660.0700887044271,159.37698620394323
2017-11-22,787.9754028320312,1291.5999755859375,666.4431457519531,169.39034893468735
2017-11-23,780.9497680664062,1379.0,672.7515970865885,166.2861126792074
2017-11-24,803.6253662109375,1286.699951171875,679.400830078125,171.5178988281914
2017-11-27,806.8233032226562,1293.800048828125,686.101747639974,167.71345470938678
2017-11-28,792.7721557617188,1294.699951171875,692.2600016276042,167.28486818623173
2017-11-29,792.7721557617188,1282.0999755859375,698.4731669108073,160.01409092560607
2017-11-30,793.54736328125,1273.199951171875,705.12724609375,168.4189815856636
2017-12-01,780.3199462890625,1278.800048828125,711.5326029459635,157.80558495734383
2017-12-04,779.6416625976562,1274.300048828125,718.0090270996094,149.89783428642025
2017-12-05,768.0615234375,1261.5999755859375,724.034842936198,145.1252223068487
2017-12-06,749.6497802734375,1262.800048828125,729.9411437988281,148.18662136545805
2017-12-07,775.8139038085938,1249.800048828125,736.9166198730469,146.87752522223894
2017-12-08,785.8435668945312,1245.199951171875,744.051991780599,151.88572504007348
2017-12-11,795.1947021484375,1243.699951171875,750.5865539550781,154.3327539409613
2017-12-12,796.93896484375,1238.5,756.6317525227864,153.01752862253903
2017-12-13,793.5958251953125,1245.4000244140625,762.4944478352865,151.9947272542098
2017-12-14,790.9794921875,1253.800048828125,767.6981994628907,154.95052533814456
2017-12-15,807.0654907226562,1254.300048828125,773.2895629882812,161.47655691526754
2017-12-18,814.0910034179688,1262.199951171875,775.1113586425781,162.0333156654587
2017-12-19,841.4664306640625,1260.699951171875,778.8114807128907,176.68501053529832
2017-12-20,836.2335205078125,1266.0999755859375,782.676338704427,169.5369190536418
2017-12-21,831.8729248046875,1267.300048828125,785.2782124837239,172.23568368390283
2017-12-22,830.322265625,1275.4000244140625,787.6943501790364,170.78812401793525
2017-12-26,828.3359375,1284.0999755859375,790.5917826334636,168.6616364825928
2017-12-27,822.7640380859375,1287.0,793.0063110351563,175.38204702764693
2017-12-28,825.3319091796875,1294.0999755859375,795.6114135742188,172.2864236838706
2017-12-29,831.5821533203125,1306.300048828125,798.5136861165364,180.09653665151774
2018-01-01,826.0587158203125,1379.0,800.6504252115885,170.76019495964147
2018-01-02,818.984619140625,1313.699951171875,802.6272684733073,170.2353409358214
2018-01-03,829.78955078125,1316.199951171875,803.9467814127604,168.0848554904632
2018-01-04,865.25634765625,1319.4000244140625,806.5228129069011,174.53925161873053
2018-01-05,881.5362548828125,1320.300048828125,809.8756958007813,173.71618047113645
2018-01-08,897.428466796875,1318.5999755859375,813.0024658203125,167.28538637351468
2018-01-09,904.0665283203125,1311.699951171875,816.243906656901,160.65261407073274
2018-01-10,889.1915893554688,1317.4000244140625,819.4578877766927,157.50956855150068
2018-01-11,878.8229370117188,1320.5999755859375,822.3262471516927,156.5488749220815
2018-01-12,875.8189086914062,1333.4000244140625,825.0686319986979,156.10460843717817
2018-01-15,889.8215942382812,1379.0,828.7186869303385,155.26805064620973
2018-01-16,861.8646850585938,1335.4000244140625,831.4594543457031,147.72761243256292
2018-01-17,865.4501953125,1338.0,834.7057434082031,146.74056016812318
2018-01-18,858.424560546875,1326.0,838.3315694173177,148.39133796892395
2018-01-19,863.8512573242188,1331.9000244140625,841.2661478678385,146.86161168009608
2018-01-22,881.5845947265625,1330.9000244140625,844.4575154622396,153.95896763886822
2018-01-23,877.6600952148438,1335.699951171875,847.2063618977865,147.9716434995573
2018-01-24,859.442138671875,1355.9000244140625,849.2898010253906,139.11067964363406
2018-01-25,856.728759765625,1362.4000244140625,851.3942321777344,146.28553757344602
2018-01-29,868.4541625976562,1379.0,853.9767211914062,147.42686117432334
2018-01-30,856.7772827148438,1335.4000244140625,855.6337809244792,143.83211076583157
2018-01-31,842.6292724609375,1339.0,856.5850565592448,134.77952024711848
2018-02-01,805.2727661132812,1344.300048828125,855.3786010742188,123.9798109710406
2018-02-02,796.7451782226562,1333.699951171875,854.0623229980469,122.41328945111994
2018-02-05,777.4612426757812,1333.0,852.2486002604167,122.66497350790382
2018-02-06,758.4195556640625,1326.0999755859375,849.8518432617187,112.5730691024574
2018-02-07,759.3887329101562,1311.5999755859375,847.5536031087239,102.26534849320599
2018-02-08,775.959228515625,1316.9000244140625,845.9934427897135,111.8765230381868
2018-02-09,772.1315307617188,1313.0999755859375,844.2200968424479,104.73907087364634
2018-02-12,784.0023193359375,1324.199951171875,842.634102376302,106.6186490263298
2018-02-14,788.5083618164062,1355.5,841.3824239095052,92.10841351220833
2018-02-15,789.6226806640625,1352.0999755859375,840.4036926269531,91.74916347113826
2018-02-16,778.3333740234375,1353.199951171875,838.688486735026,86.82012850553804
2018-02-19,779.0601196289062,1379.0,835.8152791341146,88.58795149535501
2018-02-20,806.4841918945312,1328.800048828125,833.3135437011719,95.22652723543825
2018-02-21,797.423583984375,1330.0,829.9800476074219,100.47466429094128
2018-02-22,792.1906127929688,1330.5999755859375,826.2508504231771,93.73387012752843
2018-02-23,788.9928588867188,1328.199951171875,822.9108927408854,89.59809810220895
2018-02-26,794.3225708007812,1330.699951171875,820.0942138671875,89.58276566000842
2018-02-27,797.1328125,1315.5,817.4713439941406,80.74707185424008
2018-02-28,790.8825073242188,1315.5,814.1733744303385,86.38072642751789
2018-03-01,785.1166381835938,1302.9000244140625,811.6151062011719,88.0347498850122
2018-03-05,783.85693359375,1318.0999755859375,808.8953308105469,86.69812534480616
2018-03-06,782.6456909179688,1333.5999755859375,806.3693684895833,85.62083016494992
2018-03-07,789.6226806640625,1326.0,803.8950826009115,86.86955054064241
2018-03-08,792.384521484375,1319.9000244140625,800.9217468261719,90.87762364457942
2018-03-09,793.7410888671875,1322.4000244140625,798.1244466145833,87.11817183056296
2018-03-12,803.4315795898438,1319.4000244140625,796.2574279785156,90.18092323998181
2018-03-13,825.5741577148438,1325.9000244140625,795.2189412434896,94.75540615801239
2018-03-14,838.2200927734375,1324.4000244140625,794.2111389160157,97.11080929059244
2018-03-15,845.4879150390625,1316.800048828125,793.8348266601563,98.2354330133989
2018-03-16,852.0289306640625,1311.300048828125,794.1481486002605,98.40077202050999
2018-03-19,842.0963134765625,1316.800048828125,795.3756001790365,88.91809864694721
2018-03-20,844.7611694335938,1311.0999755859375,796.976133219401,89.5774609303571
2018-03-21,845.24560546875,1320.699951171875,799.2356119791667,88.15907286931328
2018-03-22,860.0719604492188,1326.5999755859375,802.6240254720052,92.4096375095743
2018-03-23,867.3397827148438,1349.300048828125,806.2223937988281,93.18113383451735
2018-03-26,909.9775390625,1354.4000244140625,810.6896708170573,103.48634338758562
2018-03-27,913.2238159179688,1341.300048828125,815.3927469889323,112.43575267891654
2018-03-28,913.126953125,1324.199951171875,819.6969014485677,109.47607011420413
2018-04-02,914.8711547851562,1342.0999755859375,823.908994547526,111.77375552313565
2018-04-03,903.097412109375,1332.800048828125,827.6914855957032,109.04837753961102
2018-04-04,876.3518676757812,1335.800048828125,830.9587687174479,100.30848134669297
2018-04-05,891.5657348632812,1324.300048828125,834.7089558919271,103.18130334192985
2018-04-06,911.1888427734375,1331.9000244140625,838.1991109212239,106.60887703396651
2018-04-09,930.908935546875,1336.300048828125,842.648622639974,108.59430566167197
2018-04-10,932.4593505859375,1342.0,847.3242472330729,110.4882790676271
2018-04-11,949.611328125,1356.5,852.6781962076823,100.2364985042525
2018-04-12,945.83203125,1338.4000244140625,857.7285115559896,101.21956112575874
2018-04-13,956.5885620117188,1344.800048828125,863.0437032063802,104.34648455593232
2018-04-16,950.1443481445312,1347.5,868.3524312337239,102.82361828444593
2018-04-17,966.7149047851562,1347.199951171875,874.4057067871094,105.93692113929963
2018-04-18,946.8495483398438,1351.199951171875,879.8387939453125,104.62676863281305
2018-04-19,923.25341796875,1346.800048828125,884.5257181803386,97.73463627140156
2018-04-20,926.9358520507812,1336.699951171875,889.1028238932291,99.71959935663821
2018-04-23,933.1376342773438,1322.5,893.7945943196614,105.3440808432517
2018-04-24,932.168701171875,1331.4000244140625,898.408848063151,104.67476669017492
2018-04-25,931.1026611328125,1321.199951171875,902.66455078125,101.34956015457597
2018-04-26,939.48486328125,1316.300048828125,906.4615743001302,103.20457522246036
2018-04-27,939.9694213867188,1320.300048828125,909.8532185872396,102.06594461734343
2018-04-30,951.404052734375,1316.199951171875,913.3837565104167,103.97433042110995
2018-05-02,934.6396484375,1302.5999755859375,916.1374471028646,101.9880470252172
2018-05-03,929.649169921875,1310.699951171875,919.0558756510417,101.53960802952508
2018-05-04,928.437744140625,1312.699951171875,921.8450948079427,104.72256109316547
2018-05-07,938.951904296875,1312.199951171875,924.9686381022135,100.70296582379568
2018-05-08,938.1282958984375,1312.0,927.5705159505209,101.23212716160839
2018-05-09,955.183349609375,1311.300048828125,930.4986348470052,101.04347902048607
2018-05-10,942.9734497070312,1320.800048828125,931.5984985351563,99.05946623246315
2018-05-11,926.4513549804688,1319.0,932.0394165039063,98.2557544566627
2018-05-14,891.5174560546875,1316.5,931.3190999348958,97.88608514036463
2018-05-15,902.1767578125,1288.9000244140625,930.8959533691407,93.92153881293694
2018-05-16,902.3222045898438,1290.199951171875,930.8701131184896,86.6962722365381
2018-05-17,907.506591796875,1288.199951171875,931.908603922526,90.10183688160933
2018-05-18,910.8497314453125,1290.199951171875,932.5514038085937,95.27976946475825
2018-05-21,886.9144287109375,1290.199951171875,931.742256673177,88.33746105493535
2018-05-22,885.8969116210938,1291.699951171875,930.241855875651,90.67912450583097
2018-05-23,891.6141967773438,1289.300048828125,928.8803507486979,96.01928685442145
2018-05-24,892.7772216796875,1303.699951171875,926.9858805338541,96.48331127351668
2018-05-25,895.7811889648438,1303.300048828125,925.3175191243489,92.94678669486277
2018-05-28,900.141845703125,1379.0,923.4359619140625,95.12226229737671
2018-05-29,886.1876831054688,1298.699951171875,921.3040730794271,95.84362534303794
2018-05-30,885.3154907226562,1301.5,918.5907592773438,97.88617316073068
2018-05-31,872.2333374023438,1300.0999755859375,916.1035522460937,91.02945605412631
2018-06-01,872.1366577148438,1294.800048828125,914.3996602376302,92.14460255664123
2018-06-04,857.9400634765625,1293.0999755859375,912.0998006184896,89.3588890667846
2018-06-05,837.2026977539062,1297.5,908.9019694010417,82.79746821104284
2018-06-06,871.603515625,1297.0999755859375,906.8831298828125,92.0067464236936
2018-06-07,859.684326171875,1298.699951171875,904.502518717448,88.9595562765394
2018-06-08,868.2604370117188,1298.0999755859375,902.1283711751302,63.143865931362186
2018-06-11,875.3828125,1298.9000244140625,899.9754842122396,72.18904346430293
2018-06-12,876.6911010742188,1295.0999755859375,897.4850524902344,69.53585956044654
2018-06-13,889.724609375,1296.9000244140625,895.9878845214844,74.36509494345043
2018-06-14,877.2240600585938,1304.0,894.240380859375,73.10950311068467
2018-06-15,875.4796752929688,1274.5999755859375,892.4751118977864,75.9974925264134
2018-06-18,869.90771484375,1276.199951171875,890.1736389160156,73.28163703041007
2018-06-19,861.4771118164062,1275.5999755859375,887.6185994466146,71.15837457495957
2018-06-20,860.8471069335938,1271.199951171875,884.4740580240885,72.43741295447141
2018-06-21,841.514892578125,1267.199951171875,881.0921061197917,68.97300226061189
2018-06-22,850.3816528320312,1267.4000244140625,878.5564493815104,71.15113335938807
2018-06-25,837.2510986328125,1265.5999755859375,876.7475708007812,64.8291901303311
2018-06-26,845.1487426757812,1256.5999755859375,874.8466369628907,67.5290931857281
2018-06-27,842.7261352539062,1252.800048828125,872.8601013183594,68.07706512791884
2018-06-28,810.4570922851562,1247.800048828125,869.6251180013021,63.71956072430751
2018-06-29,851.3021850585938,1251.300048828125,867.6401997884115,71.0707573403879
2018-07-02,869.6170654296875,1239.800048828125,867.0636210123698,77.74808892939814
2018-07-03,865.547119140625,1251.5999755859375,866.3852945963541,76.11769989140684
2018-07-04,859.10302734375,1379.0,865.3015889485677,69.85674057814224
2018-07-05,812.0559692382812,1257.300048828125,862.6108805338541,58.15743081881002
2018-07-06,803.964599609375,1254.300048828125,859.5503275553385,55.66058594668157
2018-07-09,796.3576049804688,1258.0999755859375,856.0908528645833,55.27500913975834
2018-07-10,807.0654907226562,1253.800048828125,853.453446451823,56.72918745105533
2018-07-11,784.4383544921875,1242.800048828125,850.0908752441406,52.749886794605594
2018-07-12,783.4208374023438,1245.0,847.130458577474,51.34388256374998
2018-07-13,812.7342529296875,1239.5999755859375,845.1503784179688,59.3973137706542
2018-07-16,805.466552734375,1238.0999755859375,843.4012613932292,57.346984862131436
2018-07-17,818.984619140625,1225.699951171875,842.7939921061198,58.98431038936111
2018-07-18,820.0020751953125,1226.300048828125,841.0739440917969,59.33095985806587
2018-07-19,842.9200439453125,1222.4000244140625,840.5151346842448,63.75334507754107
2018-07-20,833.7626953125,1229.5,839.3652099609375,63.81586178103218
2018-07-23,835.806396484375,1224.0,838.04599609375,62.584617576520316
2018-07-24,838.62890625,1223.9000244140625,836.777256266276,64.1343995703388
2018-07-25,842.7655029296875,1231.4000244140625,835.2119527180989,60.875048264133966
2018-07-26,831.669921875,1225.300048828125,833.6934814453125,59.479798817403264
2018-07-27,860.4790649414062,1222.5999755859375,833.1934611002604,65.61970253488883
2018-07-30,868.2167358398438,1221.300048828125,833.1370951334635,66.56531747655269
2018-07-31,887.9743041992188,1223.699951171875,834.0203348795573,73.7309276500823
2018-08-01,892.8407592773438,1217.9000244140625,835.0867899576823,72.8154561014359
2018-08-02,896.8798217773438,1210.5999755859375,836.9322875976562,70.05674275456788
2018-08-03,894.6414184570312,1214.199951171875,838.4076131184896,71.17342943836782
2018-08-06,877.5602416992188,1208.5999755859375,839.7512512207031,63.820014714003825
2018-08-07,902.476318359375,1209.5999755859375,841.6621704101562,66.88632742161253
2018-08-08,910.0192260742188,1212.5999755859375,843.9052734375,53.647402991608395
2018-08-09,890.8455200195312,1211.9000244140625,846.5848876953125,49.51722664210296
2018-08-10,895.5172119140625,1211.0999755859375,848.0587219238281,51.64546835757031
2018-08-13,889.2396240234375,1191.300048828125,848.7128072102864,48.21118735768195
2018-08-14,900.8703002929688,1193.0,849.8902465820313,52.314537477938174
2018-08-16,894.8846435546875,1176.199951171875,851.0829671223959,52.137541280169316
2018-08-17,916.3941650390625,1176.5,854.5609069824219,50.01134511726835
2018-08-20,897.0745239257812,1186.800048828125,857.6645711263021,47.48043893527121
2018-08-21,891.8187255859375,1192.5999755859375,860.8466084798177,48.07898893002094
2018-08-23,887.5364379882812,1187.0,863.5289733886718,46.895246981032024
2018-08-24,861.6956787109375,1206.300048828125,866.1042175292969,44.47207399480113
2018-08-27,867.097412109375,1209.0,868.8934366861979,45.47224358646815
2018-08-28,864.5669555664062,1207.4000244140625,870.6211934407552,46.862323916354896
2018-08-29,859.2138671875,1204.5,872.4127705891927,46.121349135667145
2018-08-30,854.8828125,1197.699951171875,873.6093770345052,44.0906566266281
2018-08-31,868.0707397460938,1200.300048828125,875.2116658528646,49.188829649138846
2018-09-03,888.3636474609375,1379.0,876.7264526367187,49.89297882603787
2018-09-04,857.364501953125,1192.699951171875,877.5131795247396,43.37320486991185
2018-09-05,840.8187866210938,1194.9000244140625,877.6802591959636,41.43142288318582
2018-09-06,843.9819946289062,1197.9000244140625,877.8586954752604,42.2533217523664
2018-09-07,844.27392578125,1193.5999755859375,877.9089762369791,36.37741585961369
2018-09-10,834.638427734375,1193.0,878.0079264322917,34.41072524520761
2018-09-11,798.8216552734375,1195.4000244140625,875.9526794433593,29.410186151257676
2018-09-12,804.3694458007812,1204.699951171875,873.8244364420573,31.049543765470954
2018-09-14,820.0878295898438,1195.0,871.5615539550781,33.705399545854256
2018-09-17,801.4495239257812,1199.699951171875,868.5151794433593,29.652684278146424
2018-09-18,802.8607788085938,1196.800048828125,865.3812113444011,31.447080244741677
2018-09-19,801.595458984375,1202.199951171875,862.2796793619792,30.566699285127807
2018-09-21,779.2100219726562,1196.199951171875,859.0013387044271,27.201535276853605
2018-09-24,769.9638061523438,1199.300048828125,854.5842549641927,22.97833636755793
2018-09-25,775.5602416992188,1200.0,850.1022888183594,24.750720026515506
2018-09-26,792.9332885742188,1194.0,846.8385477701823,29.718833436844115
2018-09-27,799.5028686523438,1182.300048828125,843.6380696614583,33.3838429557711
2018-09-28,784.076416015625,1191.5,840.1326293945312,34.33947836831748
2018-10-01,788.1155395507812,1187.0999755859375,836.3741373697917,35.065107995204706
2018-10-03,773.2730102539062,1198.300048828125,832.3204162597656,34.736681686323664
2018-10-04,755.9485473632812,1197.199951171875,826.9722290039062,32.22033610791768
2018-10-05,770.9371337890625,1201.199951171875,822.7676493326823,38.20333089810477
2018-10-08,791.81396484375,1184.4000244140625,819.4341573079427,39.78465774519999
2018-10-09,729.475341796875,1187.199951171875,814.1654541015625,25.453064281799787
2018-10-10,767.48193359375,1189.300048828125,811.0249959309896,31.802599192943326
2018-10-11,758.0899047851562,1223.5,807.3914123535156,31.315098956175348
2018-10-12,783.6385498046875,1218.0999755859375,804.693798828125,35.54720211282088
2018-10-15,785.6336669921875,1226.4000244140625,802.2411254882812,31.580517309128943
2018-10-16,788.94287109375,1227.300048828125,800.0431274414062,32.19913386619191
2018-10-17,778.7232666015625,1223.699951171875,797.0648783365885,31.608624445308408
2018-10-19,767.6279296875,1225.300048828125,793.0403544108073,27.05950385553495
2018-10-22,754.0992431640625,1221.199951171875,789.5981791178385,24.480769358646803
2018-10-23,757.4085083007812,1233.4000244140625,786.8178365071615,24.56874078110203
2018-10-24,770.4505004882812,1227.800048828125,784.366786702474,27.05796061634942
2018-10-25,770.1098022460938,1229.0999755859375,781.8946492513021,29.664489299874308
2018-10-26,785.341796875,1232.5,780.2514282226563,33.52536906672938
2018-10-29,807.581298828125,1224.5,780.5434163411459,37.965792097207654
2018-10-30,808.311279296875,1222.5999755859375,780.6748107910156,37.63478721041569
2018-10-31,822.0344848632812,1212.300048828125,780.7396993001302,43.59665331690976
2018-11-01,831.6212768554688,1236.0,781.7454243977865,46.78701479550058
2018-11-02,847.7291259765625,1230.9000244140625,783.241035970052,48.26079145541302
2018-11-05,840.6242065429688,1229.800048828125,784.5419942220052,40.30096157509493
2018-11-06,823.6403198242188,1223.800048828125,786.0230041503906,33.798417008139836
2018-11-07,827.4362182617188,1226.199951171875,787.9387512207031,33.95113669666409
2018-11-09,825.0029907226562,1206.4000244140625,789.5868428548177,29.948960069835007
2018-11-12,870.8445434570312,1201.300048828125,792.1838846842448,36.21321061980427
2018-11-13,873.5210571289062,1199.199951171875,794.6511576334635,15.022168164288253
2018-11-14,868.3627319335938,1207.9000244140625,797.4607014973958,18.87843834282734
2018-11-15,896.1985473632812,1212.800048828125,801.0634684244792,24.422289437637467
2018-11-16,896.7338256835938,1220.800048828125,805.1788289388021,18.959133180729925
2018-11-19,895.955322265625,1223.0999755859375,809.8457214355469,18.22515668767648
2018-11-20,890.9915771484375,1219.0,813.8475362141927,20.174804133590072
2018-11-21,901.7949829101562,1225.800048828125,817.5135701497396,20.186739575301395
2018-11-22,891.2835083007812,1379.0,822.9071756998698,19.286503970256618
2018-11-26,891.9161376953125,1220.199951171875,827.0549825032552,19.798441021675718
2018-11-27,889.8722534179688,1211.199951171875,831.4477274576823,16.78779605341154
2018-11-28,898.2911376953125,1221.4000244140625,835.2694803873698,18.246095756699866
2018-11-29,906.5154418945312,1224.0999755859375,839.2988728841145,14.719142824371145
2018-11-30,902.3302612304688,1220.199951171875,843.0784525553386,14.512490870582928
2018-12-03,911.2357177734375,1233.9000244140625,847.4955342610677,16.68301279218163
2018-12-04,899.118408203125,1241.0999755859375,851.8785502115885,11.882780958300687
2018-12-05,895.6633911132812,1379.0,856.5973551432292,11.011095928411496
2018-12-06,881.55078125,1238.0999755859375,860.7354309082032,11.198504493763428
2018-12-07,892.1107177734375,1246.800048828125,864.790771484375,12.530531160781155
2018-12-10,882.8646240234375,1243.699951171875,868.5492655436198,11.255441688177047
2018-12-11,908.2186279296875,1241.9000244140625,872.6451599121094,16.390543680046598
2018-12-12,905.1041870117188,1244.4000244140625,875.8959228515625,16.092331956201388
2018-12-13,918.9246826171875,1242.699951171875,879.5830362955729,19.642067018862175
2018-12-14,906.61279296875,1237.0,882.4023132324219,20.938178977129773
2018-12-17,910.3112182617188,1247.4000244140625,885.0253112792968,17.336285646964612
2018-12-18,908.0726318359375,1249.199951171875,887.0367614746094,15.55386721869172
2018-12-19,904.3742065429688,1252.0999755859375,889.1617614746094,13.729908423629178
2018-12-20,901.9896240234375,1263.5999755859375,891.7734049479167,13.181769723141091
2018-12-21,876.0029907226562,1253.800048828125,893.3922973632813,10.384022056449504
2018-12-24,856.3425903320312,1267.5,894.4369506835938,8.263564199846174
2018-12-26,865.394287109375,1269.199951171875,894.2552754720052,7.227269293163618
2018-12-27,863.9342651367188,1277.300048828125,893.9357157389323,6.122566335886592
2018-12-28,898.0477905273438,1279.9000244140625,894.9252176920573,6.724137505833561
2018-12-31,906.1260375976562,1278.300048828125,895.2561340332031,8.358014283785309
2019-01-01,903.2062377929688,1379.0,895.4718811035157,8.575025206527709
2019-01-02,907.245361328125,1281.0,895.8482157389323,9.264245810055872
2019-01-03,906.32080078125,1291.800048828125,896.359189860026,9.414642025144548
2019-01-04,903.6441650390625,1282.699951171875,896.420829264323,9.830294374713189
2019-01-07,918.827392578125,1286.800048828125,897.3389587402344,11.32822835983216
2019-01-08,920.871337890625,1283.199951171875,898.3041320800781,10.737265610355129
2019-01-09,927.4895629882812,1289.300048828125,899.5580423990885,12.278890740501836
2019-01-10,940.872314453125,1284.699951171875,900.9774149576823,14.882781979519821
2019-01-11,933.669921875,1287.0999755859375,901.8825642903646,12.518881564120242
2019-01-14,931.9180297851562,1289.0999755859375,902.8688232421875,7.704269643265271
2019-01-15,942.429443359375,1286.199951171875,903.908614095052,6.907621568514766
2019-01-16,935.5191650390625,1291.5999755859375,905.12197265625,4.244427233085424
2019-01-17,935.85986328125,1291.0,906.461855061849,3.516703026270318
2019-01-18,935.27587890625,1281.300048828125,908.2526916503906,5.182717662026648
2019-01-21,937.02783203125,1379.0,909.7499287923177,6.623051421193749
2019-01-22,956.3961791992188,1282.5,912.2009806315104,9.200220468887332
2019-01-23,936.44384765625,1283.0999755859375,913.1418212890625,5.239505730120997
2019-01-24,943.7434692382812,1279.0999755859375,914.4297973632813,9.50019018056425
2019-01-25,951.8704833984375,1297.4000244140625,915.5279907226562,9.985587680725239
2019-01-28,933.037353515625,1302.4000244140625,916.4088094075521,8.691828775404154
2019-01-29,940.2882080078125,1308.199951171875,917.4080423990886,8.848392594849885
2019-01-30,943.013427734375,1309.9000244140625,918.5727355957031,6.968002092512249
2019-01-31,969.1948852539062,1319.699951171875,920.7334248860677,10.429412313277787
2019-02-01,965.0582275390625,1316.9000244140625,922.8357116699219,12.288912087834047
2019-02-04,998.3446044921875,1314.300048828125,926.9137654622396,16.529834339319294
2019-02-05,1038.2005615234375,1314.199951171875,932.9756978352865,19.54580981200531
2019-02-06,1030.7548828125,1309.5,938.4877176920573,20.306047278282023
2019-02-07,1028.565185546875,1309.4000244140625,943.9754150390625,22.066158767888886
2019-02-08,1025.10986328125,1313.699951171875,948.2108174641927,27.299705940513984
2019-02-11,1028.1756591796875,1307.0,952.2791381835938,29.046988583388234
2019-02-12,1037.762451171875,1309.199951171875,956.764345296224,33.48092409085468
2019-02-14,1014.4036865234375,1309.800048828125,960.3362894694011,33.75231149403031
2019-02-15,1011.2406616210938,1318.0999755859375,963.8336181640625,33.16508631169464
2019-02-18,999.90185546875,1379.0,967.0422078450521,28.860102273867817
2019-02-19,1001.313232421875,1340.0999755859375,969.7917358398438,29.68169185294962
2019-02-20,1005.1576538085938,1343.300048828125,972.6012797037761,28.208505130441242
2019-02-21,1014.6470947265625,1323.5,975.5065307617188,28.6793068863878
2019-02-22,1013.7711791992188,1329.199951171875,977.9364929199219,28.386785742609398
2019-02-25,1015.1337280273438,1325.9000244140625,980.651953125,30.42402676115692
2019-02-26,1010.6079711914062,1325.0999755859375,983.274951171875,29.721435577114953
2019-02-27,989.098388671875,1317.699951171875,984.8305826822917,22.643245659702327
2019-02-28,997.8092651367188,1312.800048828125,986.9069193522135,25.12913903939291
2019-03-01,994.0621337890625,1296.4000244140625,988.8469950358073,25.482695419019173
2019-03-05,1007.3474731445312,1282.0,991.2493815104167,27.675106535934212
2019-03-06,1027.7376708984375,1284.9000244140625,994.2730428059896,29.38542963249089
2019-03-07,1015.4256591796875,1283.800048828125,996.2406921386719,27.38475235953075
2019-03-08,1025.0611572265625,1297.0,999.1946024576823,29.60979004259898
2019-03-11,1040.633544921875,1288.800048828125,1002.4242716471355,32.54508875642124
2019-03-12,1057.4229736328125,1296.300048828125,1005.9426879882812,34.899996200179515
2019-03-13,1049.490478515625,1307.5,1009.8244588216146,34.095222230722655
2019-03-14,1057.325439453125,1293.4000244140625,1013.7256998697917,33.902617711528734
2019-03-15,1067.934326171875,1301.800048828125,1017.8897298177084,34.77475861988219
2019-03-18,1070.416259765625,1300.300048828125,1021.2637756347656,34.85710577151841
2019-03-19,1079.4190673828125,1305.0,1025.0758036295572,34.35108785913816
2019-03-20,1072.898193359375,1300.5,1027.5609232584636,29.95782187866858
2019-03-22,1073.0926513671875,1311.5999755859375,1028.7239929199218,28.020392331162313
2019-03-25,1070.7078857421875,1321.9000244140625,1030.0557596842448,26.637869885191634
2019-03-26,1085.93994140625,1314.300048828125,1031.9682515462239,27.453411770874926
2019-03-27,1086.669921875,1309.9000244140625,1034.0202534993489,29.04342466347165
2019-03-28,1103.9459228515625,1289.800048828125,1036.5459289550781,30.681423672888553
2019-04-01,1090.4169921875,1288.4000244140625,1038.3010803222655,29.005934503828
2019-04-02,1082.1929931640625,1290.0,1040.560723876953,25.82586608204611
2019-04-03,1071.09765625,1289.9000244140625,1042.55595703125,23.492278066316487
2019-04-04,1076.5478515625,1289.0,1045.1108235677084,18.304881752532953
2019-04-05,1076.83984375,1290.4000244140625,1047.6283772786458,17.916311968667298
2019-04-08,1074.8931884765625,1297.0999755859375,1049.9528951009115,17.715634698762184
2019-04-09,1069.1995849609375,1303.5,1051.7713114420574,16.86887048176997
2019-04-10,1070.805419921875,1309.0999755859375,1053.672452799479,18.570312079710472
2019-04-11,1075.5260009765625,1288.5999755859375,1055.685528564453,22.727644071669694
2019-04-12,1067.691162109375,1290.5999755859375,1057.5883015950521,19.754620479341554
2019-04-15,1061.0240478515625,1286.800048828125,1059.9858235677084,16.443924469275007
2019-04-16,1090.125244140625,1272.5999755859375,1063.0630228678385,17.103317254143246
2019-04-18,1095.3321533203125,1271.9000244140625,1066.4386901855469,17.467013723657686
2019-04-22,1093.6776123046875,1273.5,1069.3163614908854,15.171078936489234
2019-04-23,1099.371337890625,1269.300048828125,1071.704150390625,16.233253005579584
2019-04-24,1118.44775390625,1275.5,1075.1382202148438,16.920460720765806
2019-04-25,1110.8074951171875,1275.800048828125,1077.9964314778647,16.909340910820948
2019-04-26,1107.109130859375,1284.9000244140625,1080.212284342448,14.522815918041543
2019-04-30,1127.5965576171875,1282.800048828125,1082.5514038085937,19.089306172691956
2019-05-02,1107.7415771484375,1269.699951171875,1084.4931070963542,19.98239655430465
2019-05-03,1114.457275390625,1279.199951171875,1086.3975016276042,20.230248180061828
2019-05-06,1053.919189453125,1281.699951171875,1085.930330403646,12.94359489308552
2019-05-07,1057.471435546875,1283.5,1085.4988362630208,13.442066250183672
2019-05-08,1059.61279296875,1279.4000244140625,1084.8386271158854,13.801929389782597
2019-05-09,1074.9420166015625,1283.5,1084.9067545572916,14.418236909875715
2019-05-10,1101.8531494140625,1285.699951171875,1085.8654378255208,17.222233441224066
2019-05-13,1114.1165771484375,1300.0999755859375,1087.312394205729,17.102357715044402
2019-05-14,1123.89794921875,1294.699951171875,1088.5776611328124,20.249333644003432
2019-05-15,1131.927734375,1296.300048828125,1090.0862548828125,21.758591412513596
2019-05-16,1154.7509765625,1285.0,1091.7797566731772,24.375703578418563
2019-05-17,1158.69287109375,1274.5,1094.0556193033854,23.40279260218614
2019-05-20,1198.7435302734375,1276.0999755859375,1097.9406372070312,27.78034044111324
2019-05-21,1211.15283203125,1272.0,1102.6091430664062,26.797942251249918
2019-05-22,1207.94091796875,1273.5999755859375,1106.9889119466145,28.099144079193362
2019-05-23,1187.6480712890625,1284.800048828125,1110.68251953125,28.1932467262785
2019-05-24,1187.307373046875,1283.0,1114.4296590169272,33.17825298689869
2019-05-27,1207.7950439453125,1379.0,1119.0495076497396,33.87565501840708
2019-05-28,1198.646240234375,1276.5,1123.3108683268229,32.840157777035664
2019-05-29,1201.663330078125,1280.5999755859375,1127.5154459635417,32.41373020760277
2019-05-30,1207.454345703125,1287.0999755859375,1132.17421875,32.56350680228759
2019-05-31,1202.7340087890625,1305.800048828125,1136.8978841145833,35.60879943481636
2019-06-03,1232.4193115234375,1322.699951171875,1141.6410196940103,39.11543153122026
2019-06-04,1214.6566162109375,1323.4000244140625,1145.6185017903647,36.23118839978103
2019-06-06,1235.533447265625,1337.5999755859375,1150.347029622396,38.39213381150894
2019-06-07,1235.046875,1341.199951171875,1154.8695475260417,37.87372298219485
2019-06-10,1242.8818359375,1324.699951171875,1159.0173502604166,38.076220083586
2019-06-11,1250.619384765625,1326.4000244140625,1163.6777465820312,41.123534958540354
2019-06-12,1254.4150390625,1331.9000244140625,1168.5879435221354,41.691301260137095
2019-06-13,1260.8387451171875,1339.199951171875,1173.0293497721354,44.55291847387712
2019-06-14,1247.6510009765625,1340.0999755859375,1177.692997233073,43.05682371448925
2019-06-17,1222.4918212890625,1338.699951171875,1181.2941487630208,42.49151815282477
2019-06-18,1223.90283203125,1346.5999755859375,1186.9602701822917,46.18954708516878
2019-06-19,1241.03271484375,1344.5999755859375,1193.0789794921875,42.38500563571541
2019-06-20,1271.691162109375,1392.9000244140625,1200.1482584635417,47.92536322863332
2019-06-21,1257.82177734375,1396.199951171875,1206.2442504882813,44.86687677176444
2019-06-24,1265.316162109375,1414.300048828125,1211.693017578125,44.54432324250996
2019-06-25,1282.9322509765625,1414.9000244140625,1217.320206705729,46.338003135263065
2019-06-26,1274.07568359375,1411.5999755859375,1222.3261311848958,43.19888088615904
2019-06-27,1293.6871337890625,1408.4000244140625,1227.7181111653647,47.47510843497058
2019-06-28,1299.0404052734375,1409.699951171875,1232.5277587890625,48.38041840762657
2019-07-01,1287.8475341796875,1385.5999755859375,1236.8329142252603,48.04415597245353
2019-07-02,1288.6260986328125,1404.5999755859375,1239.8289998372395,49.58332391626421
2019-07-03,1292.9571533203125,1417.699951171875,1242.555810546875,50.19591085412709
2019-07-04,1255.875244140625,1417.699951171875,1244.1536214192708,49.23981206001431
2019-07-05,1243.952392578125,1396.699951171875,1246.0304321289063,46.281659350878826
2019-07-08,1218.9876708984375,1397.0,1247.0864420572916,45.59403659057373
2019-07-09,1069.5888671875,1397.5,1242.4795694986979,26.5562868615447
2019-07-10,1071.7789306640625,1410.0999755859375,1238.2506591796875,27.179980046678452
2019-07-11,1067.691162109375,1404.300048828125,1233.7849202473958,31.739381673979096
2019-07-12,1071.7789306640625,1409.9000244140625,1229.2624064127604,25.898764207952052
2019-07-15,1060.2940673828125,1411.4000244140625,1224.5144083658854,21.926547848840716
2019-07-16,1084.966796875,1409.199951171875,1219.5993245442708,25.350402408158914
2019-07-17,1080.246337890625,1421.300048828125,1215.1189819335937,25.74118627315576
2019-07-18,1051.145263671875,1426.0999755859375,1208.9727091471354,29.442464988941897
2019-07-19,1061.89990234375,1425.0999755859375,1203.2011433919272,32.08291793689659
2019-07-22,1056.5469970703125,1425.300048828125,1196.9899820963542,32.672431387934694
2019-07-23,1069.783447265625,1420.0999755859375,1190.9621175130208,32.55224756391553
2019-07-24,1058.34765625,1422.800048828125,1184.4265380859374,34.91788745275337
2019-07-25,1061.31591796875,1413.9000244140625,1177.7757771809895,35.4720052491643
2019-07-26,1076.83984375,1418.5,1172.0820719401042,32.49593454050732
2019-07-29,1054.841552734375,1419.5999755859375,1166.4937296549479,30.960317241408575
2019-07-30,1055.134765625,1429.699951171875,1160.8681274414062,28.834503233060893
2019-07-31,1032.794189453125,1426.0999755859375,1153.9268432617187,25.950192163492815
2019-08-01,1033.723388671875,1420.9000244140625,1145.9945841471354,22.635995679198917
2019-08-02,1040.958251953125,1445.5999755859375,1138.765799967448,24.850662881117103
2019-08-05,1013.6803588867188,1464.5999755859375,1130.3779398600261,21.28171824845193
2019-08-06,1023.3596801757812,1472.4000244140625,1121.7255208333333,22.02771363460634
2019-08-07,1005.5165405273438,1507.300048828125,1112.7735493977864,19.31154479293331
2019-08-08,1017.88427734375,1497.699951171875,1103.5801208496093,22.39041602573888
2019-08-09,1043.2069091796875,1496.5999755859375,1095.0523376464844,21.235594412831404
2019-08-13,1040.127197265625,1502.199951171875,1086.7949930826824,19.800408622564582
2019-08-14,1059.8277587890625,1515.9000244140625,1079.1683817545572,19.353426532406527
2019-08-16,1051.8106689453125,1512.5,1071.130165608724,17.80495659681098
2019-08-19,1064.6673583984375,1500.4000244140625,1064.7565694173177,18.707917443006995
2019-08-20,1067.99169921875,1504.5999755859375,1058.8912129720052,19.376509647931606
2019-08-21,1041.5447998046875,1504.5999755859375,1052.9764506022136,18.686416078735025
2019-08-22,1038.073974609375,1497.300048828125,1051.9259541829426,15.02506531102168
2019-08-23,1049.5618896484375,1526.5999755859375,1051.1853861490886,15.334034663882811
2019-08-26,1077.8663330078125,1526.300048828125,1051.5245585123698,20.993630072268978
2019-08-27,1098.642578125,1541.0,1052.4200134277344,22.682463665525866
2019-08-28,1086.1767578125,1537.800048828125,1053.2827697753905,22.146688976589267
2019-08-29,1077.23095703125,1526.5,1053.0249084472657,19.576697853278958
2019-08-30,1080.4571533203125,1519.0999755859375,1053.0319356282553,20.737031426585695
2019-09-03,1036.020751953125,1545.9000244140625,1052.5277852376303,13.05405375523787
2019-09-04,1014.0712890625,1550.300048828125,1050.9334981282552,13.042034080370168
2019-09-05,1025.26611328125,1515.4000244140625,1049.890802001953,14.96351039362127
2019-09-06,1044.868896484375,1506.199951171875,1049.0603169759115,17.72687314705732
2019-09-09,1064.080810546875,1502.199951171875,1049.2514221191407,23.48684539519772
2019-09-11,1076.49755859375,1494.4000244140625,1049.7574768066406,24.14955269846446
2019-09-12,1061.8809814453125,1498.699951171875,1049.258848063151,22.822295556003457
2019-09-13,1098.3492431640625,1490.9000244140625,1050.7091044108072,27.831880409394948
2019-09-16,1122.9383544921875,1503.0999755859375,1052.9692240397135,31.355823052318943
2019-09-17,1132.422119140625,1505.0999755859375,1056.2901550292968,30.45274622110321
2019-09-18,1134.8173828125,1507.5,1059.6599548339843,27.742438139602
2019-09-19,1127.484619140625,1498.4000244140625,1062.5441670735677,31.505866708051357
2019-09-20,1235.3740234375,1507.300048828125,1069.933955891927,46.92512145238359
2019-09-23,1282.5482177734375,1523.699951171875,1078.573573811849,51.963931213647065
2019-09-24,1263.824951171875,1532.0999755859375,1087.1838541666666,49.69370870981156
2019-09-25,1240.604736328125,1504.5999755859375,1094.6078694661458,48.63978162325273
2019-09-26,1259.572265625,1507.5,1101.820048014323,57.67878315640394
2019-09-27,1255.4169921875,1499.0999755859375,1108.9963745117188,56.0746742360015
2019-09-30,1244.662109375,1465.699951171875,1115.15751953125,51.77180595369908
2019-10-01,1252.0438232421875,1482.0,1121.8319580078125,56.222417739951624
2019-10-03,1266.611572265625,1507.0999755859375,1128.5634318033854,57.762292753323294
2019-10-04,1223.00634765625,1506.199951171875,1133.730586751302,52.57151646115916
2019-10-07,1230.925537109375,1497.699951171875,1140.0432779947917,57.97095807278647
2019-10-09,1202.865478515625,1506.0999755859375,1145.536328125,56.22363920280533
2019-10-10,1207.167236328125,1494.800048828125,1150.7898396809896,55.650995425355234
2019-10-11,1215.8690185546875,1482.699951171875,1155.3899291992188,53.33812264849591
2019-10-14,1221.099365234375,1491.699951171875,1159.4718221028645,52.73233069103076
2019-10-15,1243.7335205078125,1477.5999755859375,1164.7237141927083,58.624018667464604
2019-10-16,1246.1287841796875,1488.0,1170.353641764323,58.114987161650134
2019-10-17,1248.572998046875,1492.300048828125,1175.9575032552084,61.46599991080806
2019-10-18,1271.5977783203125,1488.199951171875,1183.8100708007812,68.21221269034719
2019-10-22,1299.8045654296875,1481.699951171875,1193.3345133463542,68.60059121050581
2019-10-23,1318.576416015625,1489.9000244140625,1203.1115234375,66.52603699352812
2019-10-24,1343.89892578125,1498.9000244140625,1213.079191080729,84.22814984683382
2019-10-25,1305.2308349609375,1499.5,1221.1175252278647,70.06665275482997
2019-10-27,1290.4674072265625,1550.300048828125,1228.249853515625,70.22616962460182
2019-10-29,1302.88427734375,1487.0,1236.2832967122397,66.26087086558954
2019-10-30,1286.8011474609375,1493.199951171875,1242.5650268554687,63.79149742748152
2019-10-31,1301.5155029296875,1511.4000244140625,1248.517598470052,64.9695498389298
2019-11-01,1272.868896484375,1508.0,1253.1991577148438,63.45587079211343
2019-11-04,1269.837890625,1508.0,1257.6998413085937,65.42361755153291
2019-11-05,1255.1724853515625,1480.800048828125,1261.956103515625,66.4465913113887
2019-11-06,1130.320068359375,1490.199951171875,1258.4543050130208,49.235195534732966
2019-11-07,1141.1727294921875,1464.199951171875,1253.741788736979,48.11759208008264
2019-11-08,1130.95556640625,1461.300048828125,1249.3128092447917,46.856404516306306
2019-11-11,1129.928955078125,1455.5,1245.6236165364583,43.877348636516246
2019-11-13,1133.204345703125,1461.699951171875,1241.4113525390626,40.32077604415916
2019-11-14,1143.0302734375,1471.800048828125,1237.665128580729,41.40966515174534
2019-11-15,1132.61767578125,1467.300048828125,1233.930314127604,37.78225812140037
2019-11-18,1132.9598388671875,1470.9000244140625,1229.960847981771,36.2350712275114
2019-11-19,1137.26171875,1473.300048828125,1225.6491861979166,34.153904107034585
2019-11-20,1136.9195556640625,1473.300048828125,1222.7796264648437,35.247063648047416
2019-11-21,1122.6451416015625,1463.0999755859375,1219.1702799479167,36.302839307473114
2019-11-22,1110.2772216796875,1463.0999755859375,1216.084004720052,34.1828164123831
2019-11-25,1137.65283203125,1456.5999755859375,1213.7668579101562,37.89681308121442
2019-11-26,1140.096923828125,1459.800048828125,1211.241121419271,30.91853562086182
2019-11-27,1141.1236572265625,1453.4000244140625,1208.575264485677,30.63493408816198
2019-11-28,1143.4212646484375,1550.300048828125,1205.2315226236979,31.6755340366079
2019-11-29,1133.8397216796875,1465.5999755859375,1201.4885538736978,26.516576601867282
2019-12-02,1128.071533203125,1462.300048828125,1197.4718383789063,25.797812114779873
2019-12-03,1132.3243408203125,1478.199951171875,1192.8293904622396,26.381786310167254
2019-12-04,1148.4564208984375,1474.0,1187.7844523111978,28.896439691831887
2019-12-05,1157.8424072265625,1476.9000244140625,1182.426652018229,28.393085919609252
2019-12-06,1145.8656005859375,1459.0999755859375,1175.8255411783855,28.563536732606345
2019-12-09,1151.7806396484375,1459.300048828125,1170.7105346679687,29.13553090592216
2019-12-10,1153.0028076171875,1462.5999755859375,1166.1283813476562,29.56947507786014
2019-12-11,1153.2471923828125,1469.4000244140625,1161.140478515625,28.38234109062061
2019-12-12,1161.5087890625,1466.699951171875,1156.9640665690104,28.128957917700426
2019-12-13,1159.699951171875,1475.5999755859375,1152.2368815104167,28.522781624373582
2019-12-16,1139.656982421875,1475.0,1147.796484375,25.06719833223552
2019-12-17,1131.542236328125,1474.5999755859375,1143.186629231771,25.85019125450847
2019-12-18,1133.2532958984375,1472.5999755859375,1139.12265625,26.52669598227517
2019-12-19,1133.204345703125,1478.199951171875,1139.218798828125,28.546689516432778
2019-12-20,1175.098876953125,1474.699951171875,1140.3496704101562,31.721192621245443
2019-12-23,1182.1383056640625,1482.5,1142.05576171875,33.898026208906074
2019-12-24,1177.249755859375,1499.0999755859375,1143.6331217447917,29.621846508802886
2019-12-26,1165.908203125,1509.300048828125,1144.723250325521,28.81480605833331
2019-12-27,1164.8817138671875,1513.800048828125,1145.4516316731772,26.765744342560293
2019-12-30,1167.1304931640625,1514.5,1146.6020589192708,28.735277310861008
2019-12-31,1161.4598388671875,1519.5,1147.5520589192708,27.58931402438922
2020-01-01,1129.000244140625,1550.300048828125,1147.2766764322917,24.32928871097204
2020-01-02,1129.831298828125,1524.5,1147.040401204427,24.929624336255806
2020-01-03,1114.28564453125,1549.199951171875,1146.7617513020834,23.536414926907877
2020-01-06,1132.764404296875,1566.199951171875,1147.5113240559897,29.310563581798288
2020-01-07,1134.0841064453125,1571.800048828125,1147.3923665364584,32.4334582034034
2020-01-08,1117.8056640625,1557.4000244140625,1146.649324544271,29.167210913332898
2020-01-09,1137.506103515625,1551.699951171875,1146.528739420573,31.66581641898567
2020-01-10,1128.31591796875,1557.5,1146.0252278645833,25.640965867327647
2020-01-13,1133.1064453125,1548.4000244140625,1146.0007853190104,25.049540383655653
2020-01-14,1141.0745849609375,1542.4000244140625,1146.434220377604,26.33599472798287
2020-01-15,1158.428955078125,1552.0999755859375,1147.304374186198,27.6864015465772
2020-01-16,1166.299560546875,1549.0,1147.8991455078126,28.68507040128869
2020-01-17,1162.2423095703125,1558.800048828125,1148.045808919271,28.617253841291767
2020-01-20,1161.362060546875,1571.800048828125,1148.5623575846355,26.396107683318547
2020-01-21,1149.971923828125,1556.4000244140625,1148.5020670572917,24.878674849657557
2020-01-22,1151.3895263671875,1555.300048828125,1148.448291015625,24.140429425159503
2020-01-23,1177.249755859375,1564.5999755859375,1149.2483764648437,25.12322211793878
2020-01-24,1200.47021484375,1571.0999755859375,1150.5470906575522,28.57544049753262
2020-01-27,1186.7333984375,1576.800048828125,1151.4482055664062,27.34310964142295
2020-01-28,1168.3526611328125,1569.199951171875,1152.4047281901042,23.97242778919488
2020-01-29,1159.7490234375,1569.800048828125,1153.3449544270834,23.968494369548775
2020-01-30,1152.953857421875,1583.5,1154.001639811198,23.197275859172372
2020-01-31,1161.2642822265625,1582.9000244140625,1154.9369710286458,24.162753302757324
2020-02-03,1159.944580078125,1577.199951171875,1154.4318277994792,23.789768075900717
2020-02-04,1247.35107421875,1550.4000244140625,1156.605586751302,30.422005163502952
2020-02-05,1251.310546875,1557.800048828125,1159.0742797851562,33.62366040492493
2020-02-06,1231.218994140625,1565.0999755859375,1161.2513061523437,30.461193562946963
2020-02-07,1246.56884765625,1568.5999755859375,1163.974210611979,30.959922531231232
2020-02-10,1229.1656494140625,1574.699951171875,1166.0420491536458,31.738096527716174
2020-02-11,1242.3646240234375,1565.5999755859375,1168.738875325521,32.12593898796561
2020-02-12,1240.70263671875,1567.4000244140625,1172.4622884114583,31.567865337780443
2020-02-13,1269.153564453125,1575.0999755859375,1177.1063639322917,30.94926353440637
2020-02-14,1264.607177734375,1582.699951171875,1182.117081705729,31.039469085629623
2020-02-17,1286.703369140625,1583.5,1187.248380533854,28.88369039617462
2020-02-18,1281.765869140625,1600.0,1192.1711059570312,23.460332872463873
2020-02-19,1299.9512939453125,1607.5,1198.242626953125,26.116433268624228
2020-02-20,1293.3515625,1616.5999755859375,1203.4374755859376,25.743276233128732
2020-02-24,1251.3594970703125,1672.4000244140625,1207.5389282226563,22.0707693773295
2020-02-25,1232.0009765625,1646.9000244140625,1210.8354125976562,19.82397808808576
2020-02-26,1227.1124267578125,1640.0,1213.7033406575522,18.245984461291442
2020-02-27,1249.404052734375,1640.0,1216.7358439127604,23.166355695761553
2020-02-28,1226.52587890625,1564.0999755859375,1218.743387858073,21.289216845774185
2020-03-02,1216.4066162109375,1592.300048828125,1220.5488647460938,21.65260115860981
2020-03-03,1219.1929931640625,1642.0999755859375,1222.4765625,21.759400923445504
2020-03-04,1223.0550537109375,1641.0999755859375,1224.912666829427,21.67793271798899
2020-03-05,1231.072265625,1666.4000244140625,1227.568758138021,21.330093194300414
2020-03-06,1214.89111328125,1670.800048828125,1228.8234700520834,19.838789877701647
2020-03-09,1176.614013671875,1674.5,1228.0282633463542,15.907291934662382
2020-03-11,1161.16650390625,1641.4000244140625,1227.1760335286458,14.897817651027445
2020-03-12,1052.7396240234375,1589.300048828125,1223.322265625,6.434267417725503
2020-03-13,1060.1700439453125,1515.699951171875,1220.0029663085938,6.249769468721977
2020-03-16,988.7978515625,1485.9000244140625,1214.5310994466147,-0.5295727548233486
2020-03-17,978.6786499023438,1524.9000244140625,1208.444911702474,-2.8459716241402866
2020-03-18,909.9951782226562,1477.300048828125,1200.1132649739584,-11.456473379325683
2020-03-19,883.3528442382812,1478.5999755859375,1187.9799906412761,-13.006645414899342
2020-03-20,884.7216796875,1484.0,1175.760361735026,-13.690839473302196
2020-03-23,783.0896606445312,1567.0,1160.8227172851562,-24.748758632096447
2020-03-24,797.9017333984375,1660.199951171875,1145.8671468098958,-24.542803277933423
2020-03-25,861.158935546875,1632.300048828125,1133.6002563476563,-17.945045412429252
2020-03-26,907.599853515625,1650.0999755859375,1122.4414306640624,-14.160785350529526
2020-03-27,916.1546630859375,1623.9000244140625,1111.623164876302,-14.212452897736505
2020-03-30,922.6074829101562,1622.0,1100.0716288248698,-13.808532475752234
2020-03-31,912.8794555664062,1583.4000244140625,1088.3473714192708,-15.428633498220712
2020-04-01,915.1769409179688,1578.199951171875,1075.9631571451823,-14.700486347876286
2020-04-03,843.5603637695312,1633.699951171875,1061.356306966146,-21.389792140055906
2020-04-07,926.32275390625,1664.800048828125,1048.9020222981771,-13.485016198965738
2020-04-08,893.0808715820312,1665.4000244140625,1035.5596659342448,-17.759644200440196
2020-04-09,991.2421264648438,1736.199951171875,1026.8890869140625,-8.781672657829699
2020-04-13,945.2901611328125,1744.800048828125,1017.3320597330729,-14.371696877047391
2020-04-15,930.8202514648438,1727.199951171875,1007.455653889974,-14.636303530311567
2020-04-16,963.2799072265625,1720.4000244140625,997.9181823730469,-10.988158922543734
2020-04-17,953.747314453125,1689.199951171875,988.8255635579427,-10.95608239940773
2020-04-20,953.747314453125,1701.5999755859375,980.070253499349,-11.406881443415863
2020-04-21,915.8124389648438,1678.199951171875,969.957568359375,-14.953700470851128
2020-04-22,930.1847534179688,1728.699951171875,960.195225016276,-13.462587409609306
2020-04-23,892.2498779296875,1733.300048828125,948.9011454264323,-16.549735851021186
2020-04-24,885.8460083007812,1723.5,937.9329752604167,-17.272924490295182
2020-04-27,907.06201171875,1711.9000244140625,928.9479085286458,-15.663404613635523
2020-04-28,912.04833984375,1710.5,920.6439697265625,-14.577513403607334
2020-04-29,904.7645263671875,1703.4000244140625,915.7114664713541,-14.727236559885748
2020-04-30,948.4187622070312,1684.199951171875,911.9864237467448,-12.999101038643024
2020-05-04,871.9625854492188,1706.9000244140625,908.0919148763021,-20.39286139770361
2020-05-05,867.1718139648438,1704.4000244140625,904.3750203450521,-20.710472244424217
2020-05-06,856.906005859375,1684.199951171875,902.605381266276,-22.054907534379666
2020-05-07,830.1658325195312,1721.800048828125,900.8324808756511,-25.77517996525772
2020-05-08,814.2782592773438,1709.9000244140625,898.4843668619792,-26.694925731353713
2020-05-11,811.1007690429688,1695.300048828125,899.4180704752604,-26.737053607952333
2020-05-12,827.5750732421875,1704.4000244140625,900.4071818033855,-26.607165687788093
2020-05-13,841.2628173828125,1713.9000244140625,899.7439778645834,-24.056040259100687
2020-05-14,827.135009765625,1738.0999755859375,897.06181640625,-25.781362100605566
2020-05-15,826.7438354492188,1753.4000244140625,894.081455485026,-21.55529155150755
2020-05-18,799.074951171875,1731.800048828125,889.9637044270834,-24.435315762583166
2020-05-19,808.3632202148438,1744.199951171875,886.4798299153646,-23.711451430288278
2020-05-20,829.7748413085938,1750.5999755859375,883.6330932617187,-22.807479055295154
2020-05-21,830.899169921875,1720.5,883.2110534667969,-24.590752373514924
2020-05-22,830.70361328125,1734.5999755859375,880.0237487792969,-25.438358039028387
2020-05-26,872.8424682617188,1704.800048828125,879.3491353352864,-22.337924998577165
2020-05-27,866.0963745117188,1710.300048828125,875.1776102701823,-23.48483492279315
2020-05-28,879.3931884765625,1713.300048828125,872.981044514974,-23.845642365735987
2020-05-29,870.1538696289062,1751.699951171875,870.9588317871094,-24.9021124288507
2020-06-01,937.5174560546875,1750.300048828125,870.1000834147136,-21.791656648955048
2020-06-02,954.3828735351562,1734.0,870.121268717448,-21.200458910330866
2020-06-03,962.39990234375,1704.800048828125,870.4096883138021,-20.327237199473046
2020-06-04,949.5921020507812,1727.4000244140625,871.5356770833333,-20.044319103713736
2020-06-05,968.8528442382812,1683.0,872.8246134440104,-18.399155413984715
2020-06-08,1002.1435546875,1705.0999755859375,876.4877360026042,-17.02701880494918
2020-06-09,974.8656616210938,1721.9000244140625,879.4550577799479,-18.669443168613675
2020-06-10,955.4583129882812,1720.699951171875,881.0682678222656,-20.488685218832213
2020-06-11,930.0380859375,1739.800048828125,881.6679260253907,-22.975300122347885
2020-06-12,955.8982543945312,1737.300048828125,883.372383626302,-20.522888069245717
2020-06-15,927.2516479492188,1727.199951171875,882.6668131510417,-24.761674920282616
2020-06-16,936.6864013671875,1736.5,884.8242736816406,-22.88467465898837
2020-06-17,941.5260620117188,1735.5999755859375,887.3027486165364,-23.795987547288
2020-06-18,954.2361450195312,1731.0999755859375,890.5470865885417,-22.736847941942994
2020-06-19,954.0894775390625,1753.0,894.6778747558594,-23.235705120801185
2020-06-22,957.6580810546875,1766.4000244140625,899.4572021484375,-23.425296879261193
2020-06-23,976.9677734375,1782.0,904.9861022949219,-22.117660980240885
2020-06-24,966.1641235351562,1775.0999755859375,909.6057373046875,-23.371317127048073
2020-06-25,955.8004150390625,1770.5999755859375,913.4236572265625,-23.39200511273284
2020-06-26,944.6547241210938,1780.300048828125,917.3409810384114,-22.727112961377692
2020-06-29,936.099853515625,1781.199951171875,920.986181640625,-23.515182004928683
2020-06-30,928.669189453125,1800.5,925.3059895833334,-25.169644736557373
2020-07-01,927.0560302734375,1779.9000244140625,929.2624165852865,-27.10053683665502
2020-07-02,964.4042358398438,1790.0,933.7500630696615,-23.3274337262264
2020-07-03,981.1228637695312,1800.5,938.75751953125,-22.460259882089282
2020-07-06,991.5844116210938,1793.5,944.1202128092448,-22.709526487754594
2020-07-07,993.588623046875,1809.9000244140625,948.1450846354167,-22.014944964314275
2020-07-08,969.04833984375,1820.5999755859375,951.576816813151,-25.094073015512052
2020-07-09,969.48828125,1803.800048828125,954.5799865722656,-25.368889426812668
2020-07-10,940.401611328125,1801.9000244140625,956.9215779622396,-26.97880871999907
2020-07-13,944.8013916015625,1814.0999755859375,957.164375813802,-26.68149491897115
2020-07-14,952.085205078125,1813.4000244140625,957.0877868652344,-26.3637466536945
2020-07-15,946.3656005859375,1813.800048828125,956.553310139974,-24.644935474182383
2020-07-16,939.912841796875,1800.300048828125,956.2306681315105,-24.441413722523563
2020-07-17,975.598876953125,1810.0,956.4555358886719,-19.96646887871526
2020-07-20,979.3630981445312,1817.4000244140625,955.6961873372396,-8.435556110472497
2020-07-21,992.5132446289062,1843.9000244140625,956.2844401041667,-7.395712284252887
2020-07-22,1034.1142578125,1865.0999755859375,958.9063049316406,-3.1448142954128344
2020-07-23,1046.3355712890625,1890.0,962.7828877766927,-2.3739372595461994
2020-07-24,1034.0164794921875,1897.5,965.3868286132813,-2.4783301820680337
2020-07-27,1018.8622436523438,1931.0,968.4405151367188,-6.092772001231317
2020-07-28,1029.225830078125,1944.5999755859375,971.5251627604167,-4.723043811666761
2020-07-29,1017.2489624023438,1953.4000244140625,974.0492594401042,-3.2247018981110376
2020-07-30,1018.6177978515625,1942.300048828125,976.1953145345052,-4.075911900609308
2020-07-31,1019.986572265625,1962.800048828125,978.3918843587239,-3.460369004508601
2020-08-03,1057.38037109375,1966.0,981.7159606933594,-1.1594006435206472
2020-08-04,1055.270263671875,2021.0,984.3260437011719,-0.29077331630600334
2020-08-05,1084.9593505859375,2049.300048828125,988.2858846028646,2.2277469146452233
2020-08-06,1099.386962890625,2069.39990234375,993.0721028645834,2.093822890329422
2020-08-07,1070.826416015625,2028.0,997.2778259277344,1.5153805080785565
2020-08-10,1087.020751953125,2039.699951171875,1002.3085225423177,3.0219823445242655
2020-08-11,1046.4862060546875,1946.300048828125,1006.2357564290364,1.3257255648206678
2020-08-12,1036.7696533203125,1949.0,1009.8928771972656,0.2946885677368005
2020-08-13,1077.3040771484375,1970.4000244140625,1013.6562052408855,3.491573761687139
2020-08-14,1083.683837890625,1949.800048828125,1017.0749043782552,6.905873078253988
2020-08-17,1103.0184326171875,1998.699951171875,1020.7893717447917,7.784042500846167
2020-08-18,1124.3162841796875,2013.0999755859375,1025.1469604492188,11.81479755569601
2020-08-19,1127.1134033203125,1970.300048828125,1030.4157958984374,10.730996480425524
2020-08-20,1104.833984375,1946.5,1034.9273193359375,5.9074642482738415
2020-08-21,1117.0040283203125,1947.0,1040.8140665690105,7.391099017195968
2020-08-24,1105.7666015625,1939.199951171875,1046.1795735677083,4.334557421474439
2020-08-25,1115.4339599609375,1923.0999755859375,1051.624532063802,6.048929992260144
2020-08-26,1113.176513671875,1952.5,1057.1848958333333,4.556273364706986
2020-08-27,1116.5626220703125,1932.5999755859375,1063.073221842448,4.547874565606902
2020-08-28,1113.078369140625,1974.9000244140625,1067.6558715820313,6.86802616165445
2020-08-31,1080.101318359375,1978.5999755859375,1071.0138122558594,4.048588518541263
2020-09-01,1099.288818359375,1978.9000244140625,1074.572998046875,4.737874841053347
2020-09-02,1100.515869140625,1944.699951171875,1076.7863850911458,2.101330697435211
2020-09-03,1163.3294677734375,1937.800048828125,1080.686181640625,5.887892107625703
2020-09-04,1137.76220703125,1934.300048828125,1084.1443725585937,4.749268371626747
2020-09-07,1146.055419921875,2069.39990234375,1088.3841451009114,6.389016435277628
2020-09-08,1141.0010986328125,1943.199951171875,1092.1099873860678,5.603548935415414
2020-09-09,1139.5777587890625,1954.9000244140625,1096.1876139322917,9.995649859398092
2020-09-10,1133.83642578125,1964.300048828125,1100.0282348632813,11.81032714469925
2020-09-11,1146.104736328125,1947.9000244140625,1104.2321736653646,11.786074023274251
2020-09-14,1165.9793701171875,1963.699951171875,1107.852140299479,11.590973187191977
2020-09-15,1152.7786865234375,1966.199951171875,1111.102421061198,8.33563344977315
2020-09-16,1159.7960205078125,1970.5,1113.5969767252604,7.737914614769492
2020-09-17,1160.4830322265625,1949.9000244140625,1115.6335123697916,9.285602859846321
2020-09-18,1142.0313720703125,1962.0999755859375,1118.007010904948,3.9770709706516527
2020-09-21,1099.1416015625,1910.5999755859375,1118.4110392252603,-2.119150426601002
2020-09-22,1083.97802734375,1907.5999755859375,1119.6607666015625,-4.277918187754793
2020-09-23,1096.4915771484375,1868.4000244140625,1121.6514973958333,-3.37726635532114
2020-09-24,1075.8319091796875,1876.9000244140625,1121.6024251302083,-4.581234110342669
2020-09-25,1088.7872314453125,1866.300048828125,1121.7725382486979,-11.865782282219373
2020-09-28,1117.6422119140625,1882.300048828125,1122.2599975585938,-12.857684691625815
2020-09-29,1145.6632080078125,1903.199951171875,1122.971561686198,-9.349533972604174
2020-09-30,1179.08203125,1895.5,1124.7038492838542,-4.959089972541664
2020-10-01,1176.4320068359375,1916.300048828125,1127.090450032552,-6.600673979416993
2020-10-05,1172.2115478515625,1920.0999755859375,1128.9307006835938,-6.6277137280861815
2020-10-06,1177.707763671875,1908.800048828125,1131.328739420573,-5.37931902954335
2020-10-07,1230.7557373046875,1890.800048828125,1135.1727986653646,-1.7002668390930675
2020-10-08,1230.903076171875,1895.0999755859375,1139.0970174153647,-2.819214420240701
2020-10-09,1231.9337158203125,1926.199951171875,1142.9427205403647,0.7299527251980908
2020-10-12,1233.455078125,1928.9000244140625,1146.9552775065104,0.2054991093584091
2020-10-13,1206.072021484375,1894.5999755859375,1151.1543009440104,0.26657535909226926
2020-10-14,1200.772216796875,1907.300048828125,1154.5370808919272,-0.5297542327856619
2020-10-15,1191.10498046875,1908.9000244140625,1157.5567179361979,-2.0367356769543044
2020-10-16,1200.477783203125,1906.4000244140625,1158.7949951171875,-1.6887718246657135
2020-10-19,1206.0233154296875,1911.699951171875,1161.0703653971354,-3.03201646143042
2020-10-20,1210.6358642578125,1915.4000244140625,1163.223046875,-2.8482545602411036
2020-10-21,1221.628173828125,1929.5,1165.9106160481772,-2.1580495702613667
2020-10-22,1206.6610107421875,1904.5999755859375,1168.1467244466146,-5.106706592701171
2020-10-23,1218.6839599609375,1905.199951171875,1170.9749755859375,-6.240984808507211
2020-10-26,1192.9696044921875,1905.699951171875,1172.5371378580728,-9.525941007119387
2020-10-27,1208.96728515625,1911.9000244140625,1173.970068359375,-10.040311666039914
2020-10-28,1194.44189453125,1879.199951171875,1175.3588419596354,-8.488072566336758
2020-10-29,1156.3609619140625,1868.0,1175.2443400065104,-10.392083098070481
2020-10-30,1144.1419677734375,1879.9000244140625,1174.699637858073,-12.183914744442825
2020-11-02,1146.8406982421875,1892.5,1174.8599487304687,-10.87661831005623
2020-11-03,1177.707763671875,1910.4000244140625,1177.4788208007812,-9.51258275288489
2020-11-04,1193.116943359375,1896.199951171875,1181.1167846679687,-6.2655276867297545
2020-11-05,1219.0765380859375,1946.800048828125,1185.202950032552,-3.9974671502421733
2020-11-06,1230.265380859375,1951.699951171875,1190.350732421875,-1.984357112896018
2020-11-09,1261.23046875,1854.4000244140625,1196.0988403320312,11.581710707891556
2020-11-10,1281.2032470703125,1876.4000244140625,1201.5508748372397,12.270755684850387
2020-11-11,1251.072265625,1861.5999755859375,1205.0645100911458,10.62081506883914
2020-11-12,1254.4093017578125,1873.300048828125,1207.575419108073,11.0166525178639
2020-11-13,1264.5673828125,1886.199951171875,1210.5132649739583,11.592175551344841
2020-11-14,1262.9481201171875,2069.39990234375,1213.5378173828126,10.491222276996371
2020-11-17,1277.8172607421875,1885.0999755859375,1216.8748006184896,12.819823323062884
2020-11-18,1256.3721923828125,1873.9000244140625,1217.7286824544271,10.89291511330368
2020-11-19,1268.493408203125,1861.5,1218.9816935221354,11.539269043309218
2020-11-20,1339.8458251953125,1872.4000244140625,1222.5787638346353,17.84877993524554
2020-11-23,1322.620849609375,1837.800048828125,1225.550956217448,17.812904594458743
2020-11-24,1302.5501708984375,1804.5999755859375,1228.76689453125,17.317562268625952
2020-11-25,1282.7244873046875,1805.5,1231.4986368815105,12.751838802564741
2020-11-26,1302.79541015625,2069.39990234375,1235.2216512044272,14.270583748426336
2020-11-27,1335.9688720703125,1781.9000244140625,1239.7380208333334,17.074855438306358
2020-12-01,1316.241455078125,1814.0999755859375,1243.4119588216147,15.114306141824606
2020-12-02,1363.253662109375,1830.199951171875,1248.49921875,20.233365972558293
2020-12-03,1392.206787109375,1841.0999755859375,1254.1851725260417,23.41476104411977
2020-12-04,1410.510986328125,1840.0,1260.9801717122396,24.567752849530745
2020-12-07,1398.880859375,1866.0,1266.9867350260417,21.80530614132101
2020-12-08,1401.38330078125,1874.9000244140625,1273.933858235677,21.0340277774117
2020-12-09,1399.715087890625,1838.5,1280.292118326823,22.15351321960286
2020-12-10,1397.801025390625,1837.4000244140625,1287.0707560221354,21.36000356954093
2020-12-11,1415.663818359375,1843.5999755859375,1295.7141845703125,22.780604609715272
2020-12-14,1436.323486328125,1832.0999755859375,1305.4535685221354,24.546020646313195
2020-12-15,1441.525390625,1855.300048828125,1315.2763916015624,24.10800539774758
2020-12-16,1476.5634765625,1859.0999755859375,1325.2382486979166,27.322888568757374
2020-12-17,1474.10986328125,1890.4000244140625,1334.6046793619792,29.34680224119999
2020-12-18,1491.1873779296875,1888.9000244140625,1343.6750406901042,31.783625043340624
2020-12-21,1444.3717041015625,1882.800048828125,1350.8119181315103,27.45356305859865
2020-12-22,1471.018310546875,1870.300048828125,1357.8048461914063,29.81050735683024
2020-12-23,1463.215576171875,1878.0999755859375,1363.871923828125,24.518506899249036
2020-12-24,1468.172119140625,1883.199951171875,1371.1085856119792,24.196306989298
2020-12-28,1514.93896484375,1880.4000244140625,1379.7929077148438,28.684585178602727
2020-12-29,1511.552734375,1882.9000244140625,1388.025752766927,29.645947281575346
2020-12-30,1523.8211669921875,1893.4000244140625,1396.7215209960937,30.813382067213404
2020-12-31,1538.101318359375,1895.0999755859375,1405.39765625,31.784862735410123
2021-01-01,1529.7099609375,2069.39990234375,1414.508915201823,31.705799008038007
2021-01-04,1522.1527099609375,1946.5999755859375,1422.9642252604167,34.82306295864206
2021-01-05,1541.8309326171875,1954.4000244140625,1429.6970621744792,36.46558864287029
2021-01-06,1543.4503173828125,1908.5999755859375,1437.0580444335938,38.51478074386399
2021-01-07,1513.76123046875,1913.5999755859375,1444.0984130859374,33.63425128178934
2021-01-08,1519.8951416015625,1835.4000244140625,1452.0041015625,34.01961397427047
2021-01-11,1534.91162109375,1850.800048828125,1459.74130859375,37.31471135289652
2021-01-12,1498.793701171875,1844.199951171875,1465.1688028971355,31.761376623794725
2021-01-13,1477.888671875,1854.9000244140625,1470.5570434570313,30.98181531778512
2021-01-14,1462.33251953125,1851.4000244140625,1473.8596720377604,29.055176199968802
2021-01-15,1449.8677978515625,1829.9000244140625,1475.7817057291666,27.0616151617465
2021-01-18,1475.680419921875,2069.39990234375,1477.9540201822917,27.386354894966725
2021-01-19,1491.727294921875,1840.199951171875,1481.0489013671875,27.90258569782944
2021-01-20,1502.9161376953125,1866.5,1484.433329264323,29.311773054531898
2021-01-21,1489.1754150390625,1865.9000244140625,1487.4153401692708,28.226628510477013
2021-01-22,1463.559326171875,1856.199951171875,1489.607283528646,27.26913551940062
2021-01-25,1472.0489501953125,1855.199951171875,1491.4867879231772,27.849777723778256
2021-01-27,1413.9952392578125,1844.9000244140625,1490.7425130208333,20.110047355721616
2021-01-28,1423.2210693359375,1837.9000244140625,1490.1323689778646,18.55530039295312
2021-01-29,1393.973388671875,1847.300048828125,1487.3793660481772,17.46306209189321
2021-02-01,1473.7176513671875,1863.9000244140625,1487.3662923177083,26.136371353688602
2021-02-02,1457.915771484375,1833.4000244140625,1486.2572387695313,25.709592508481506
2021-02-03,1496.8798828125,1835.0999755859375,1488.0075113932292,29.829990435148844
2021-02-04,1485.544189453125,1791.199951171875,1488.4917073567708,27.924729296314954
2021-02-05,1481.4708251953125,1813.0,1489.100215657552,27.719104053706765
2021-02-08,1513.1231689453125,1834.199951171875,1490.598583984375,21.306919937758728
2021-02-09,1530.98583984375,1837.5,1491.1334798177083,22.350590240544687
2021-02-10,1534.1756591796875,1842.699951171875,1491.887577311198,24.606237109793973
2021-02-11,1496.4383544921875,1826.800048828125,1490.9748168945312,20.04458135671627
2021-02-12,1466.5035400390625,1823.199951171875,1488.588224283854,19.30886131890668
2021-02-15,1457.228759765625,2069.39990234375,1486.1721842447917,17.2947725319434
2021-02-16,1444.56787109375,1799.0,1483.5860229492187,16.431433958595942
2021-02-17,1433.330078125,1772.800048828125,1479.969327799479,12.935906124379692
2021-02-18,1406.4378662109375,1775.0,1475.40224609375,11.215394865199269
2021-02-19,1399.1260986328125,1777.4000244140625,1471.581075032552,8.737268603506765
2021-02-22,1379.202392578125,1808.4000244140625,1466.8913167317708,7.601741143476337
2021-02-23,1397.65380859375,1805.9000244140625,1462.316056315104,7.515859640549549
2021-02-24,1424.9383544921875,1797.9000244140625,1459.8542114257812,10.174093093283565
2021-02-25,1407.8612060546875,1775.4000244140625,1457.5199625651042,12.506534640986654
2021-02-26,1380.8218994140625,1728.800048828125,1454.8029418945312,12.079610786251083
2021-03-01,1425.233154296875,1723.0,1453.981787109375,16.145279211500018
2021-03-02,1443.8809814453125,1733.5999755859375,1452.921805826823,15.565575306508439
2021-03-03,1447.2669677734375,1715.800048828125,1451.439794921875,17.997263055226576
2021-03-04,1443.2427978515625,1700.699951171875,1449.45068359375,18.648055561158607
2021-03-05,1446.87451171875,1698.5,1448.040653483073,18.674772561135388
2021-03-08,1429.747802734375,1678.0,1446.9136027018228,16.89970933003382
2021-03-09,1429.89501953125,1716.9000244140625,1445.5084716796875,16.150372277724088
2021-03-10,1443.9791259765625,1721.800048828125,1446.5079345703125,18.856670379008534
2021-03-12,1455.0205078125,1719.800048828125,1447.5679158528646,23.661667369726302
2021-03-15,1464.5406494140625,1729.199951171875,1449.9201578776042,26.126670420412523
2021-03-16,1473.1285400390625,1730.9000244140625,1449.9005208333333,39.9328482012439
2021-03-17,1445.2550048828125,1727.0999755859375,1449.478495279948,36.322943016239776
2021-03-18,1440.9854736328125,1732.5,1447.6153483072917,45.731048197138044
2021-03-19,1438.2864990234375,1741.699951171875,1446.0400919596354,46.962079858077544
2021-03-22,1433.23193359375,1738.0999755859375,1444.43212890625,57.49884921292065
2021-03-23,1467.6322021484375,1725.0999755859375,1442.9157633463542,66.14337200826954
2021-03-24,1460.5657958984375,1733.199951171875,1440.568428548177,65.08760092940598
2021-03-25,1423.9571533203125,1725.0999755859375,1436.8944783528646,81.83832897861372
2021-03-26,1477.937744140625,1732.300048828125,1436.2777913411458,85.22804028082078
2021-03-30,1523.428466796875,1683.9000244140625,1438.1752888997396,76.90444863460992
2021-03-31,1529.170166015625,1713.800048828125,1440.5733357747397,68.48506091008302
2021-04-01,1530.4459228515625,1728.4000244140625,1443.4359375,67.05104329180311
2021-04-05,1506.54736328125,1728.800048828125,1445.876513671875,63.29234167158364
2021-04-06,1497.2235107421875,1743.0,1448.9027018229167,64.0110861968318
2021-04-07,1486.0347900390625,1741.5999755859375,1451.799658203125,62.376773670509486
2021-04-08,1542.174560546875,1758.199951171875,1457.2320638020833,82.81733314916771
2021-04-09,1562.49072265625,1744.800048828125,1462.7266276041667,68.67670755871171
2021-04-12,1482.4525146484375,1732.699951171875,1464.6437662760416,65.99308772814436
2021-04-13,1502.22900390625,1747.5999755859375,1467.7893595377604,51.55015750428049
2021-04-15,1510.0316162109375,1766.800048828125,1472.0963500976563,59.742656625279245
2021-04-16,1520.3367919921875,1780.199951171875,1475.2664713541667,63.333016186488635
2021-04-19,1490.5494384765625,1770.5999755859375,1476.8220865885417,54.73689706329425
2021-04-20,1494.6717529296875,1778.4000244140625,1478.40224609375,56.715697153677056
2021-04-22,1453.4010009765625,1782.0,1478.7408528645833,52.38847637646424
2021-04-23,1434.360595703125,1777.800048828125,1478.3237223307292,56.62165468339826
2021-04-26,1452.4195556640625,1780.0999755859375,1479.0794474283855,56.14312644097199
2021-04-27,1467.386962890625,1778.800048828125,1480.3291788736979,64.4591945807204
2021-04-28,1480.882080078125,1773.9000244140625,1481.55927734375,67.1715022929024
2021-04-29,1478.8702392578125,1768.300048828125,1482.354268391927,63.039595987000865
2021-04-30,1464.0010986328125,1767.699951171875,1482.3362833658855,60.51792812688215
2021-05-03,1397.5556640625,1791.800048828125,1479.8171875,54.46623108379023
2021-05-04,1376.8958740234375,1776.0,1477.5385498046876,45.17805097184207
2021-05-05,1401.92333984375,1784.300048828125,1476.2364786783853,60.77792364468315
2021-05-06,1417.626708984375,1815.699951171875,1475.5478190104166,63.47702798396622
2021-05-07,1419.6878662109375,1831.300048828125,1475.0963500976563,65.6760317354946
2021-05-10,1428.1773681640625,1837.5999755859375,1473.7811889648438,72.03519010528079
2021-05-11,1408.6463623046875,1836.0999755859375,1472.0505411783854,72.9932423290822
2021-05-12,1427.981201171875,1822.800048828125,1472.184676106771,76.05472164164925
2021-05-14,1428.864501953125,1838.0999755859375,1470.5489013671875,72.65678343298431
2021-05-17,1441.0838623046875,1867.5999755859375,1467.804081217448,71.3000779932164
2021-05-18,1510.7188720703125,1868.0,1467.1890380859375,82.64477433960704
2021-05-19,1492.9541015625,1881.5,1465.9393107096355,80.58242922988231
2021-05-20,1502.96484375,1881.9000244140625,1465.819893391927,88.08809380720078
2021-05-21,1509.835205078125,1876.699951171875,1466.240283203125,86.77683092469826
2021-05-24,1492.5615234375,1884.5,1466.4578409830729,79.8754853887424
2021-05-25,1540.0645751953125,1898.0,1466.3875081380208,85.34915317584402
2021-05-26,1553.6085205078125,1901.199951171875,1466.091434733073,87.0232048673911
2021-05-27,1564.6990966796875,1895.699951171875,1468.832987467448,79.26477612802383
2021-05-28,1547.768798828125,1902.5,1470.3509806315103,78.70630155919014
2021-05-31,1566.662109375,2069.39990234375,1472.238663736979,78.15263182661718
2021-06-01,1561.9017333984375,1905.0,1473.624161783854,79.49718870577918
2021-06-02,1556.3076171875,1909.9000244140625,1475.8161010742188,66.00305489103523
2021-06-03,1659.85205078125,1873.300048828125,1481.322111002604,73.91888484261517
2021-06-04,1648.3690185546875,1892.0,1487.821044921875,71.27693119465042
2021-06-07,1653.864990234375,1898.800048828125,1495.1378580729167,74.16583253616102
2021-06-08,1680.75732421875,1894.4000244140625,1502.7491170247397,73.47911338797513
2021-06-09,1698.6688232421875,1895.5,1510.4585123697916,69.50354221176286
2021-06-10,1706.422607421875,1896.4000244140625,1517.9765299479166,75.0418211042825
2021-06-11,1696.4117431640625,1879.5999755859375,1525.2279134114583,77.54952990658307
2021-06-14,1702.6439208984375,1865.9000244140625,1533.1826741536458,83.07249419599121
2021-06-15,1691.455322265625,1856.4000244140625,1542.9793294270833,76.94930548199378
2021-06-16,1683.1617431640625,1861.4000244140625,1553.1881917317708,81.52156934815622
2021-06-17,1679.6776123046875,1774.800048828125,1562.4466674804687,79.32123385724721
2021-06-18,1679.57958984375,1769.0,1571.1784301757812,78.38907042626771
2021-06-21,1710.544677734375,1782.9000244140625,1580.8736572265625,79.25800512402135
2021-06-22,1724.432373046875,1777.4000244140625,1590.7488240559896,80.7411583130339
2021-06-23,1749.5087890625,1783.4000244140625,1602.1109049479167,82.68616155107593
2021-06-24,1747.8402099609375,1776.699951171875,1612.7728719075521,78.90459209428087
2021-06-25,1721.3408203125,1777.800048828125,1622.5220825195313,78.16236169215041
2021-06-28,1696.0189208984375,1780.699951171875,1631.0199178059895,77.44488223821531
2021-06-29,1699.503173828125,1763.5999755859375,1637.3127278645834,79.90733867438622
2021-06-30,1700.3865966796875,1771.5999755859375,1644.2271443684897,81.64585650704895
2021-07-01,1708.0418701171875,1776.800048828125,1651.0630452473958,83.92360697602336
2021-07-02,1722.22412109375,1783.300048828125,1658.14267578125,85.77346620417062
2021-07-05,1717.4639892578125,2069.39990234375,1665.639424641927,78.08548795538756
2021-07-06,1730.1248779296875,1794.199951171875,1671.9747680664063,76.34130666188399
2021-07-07,1695.23388671875,1802.0999755859375,1676.6956136067708,70.96213563374735
2021-07-08,1694.3504638671875,1800.199951171875,1681.0173258463542,70.5283680353949
2021-07-09,1688.70703125,1810.5999755859375,1685.7152669270833,74.26447802617237
2021-07-12,1687.9710693359375,1805.9000244140625,1689.7588989257813,74.10948662108312
2021-07-13,1692.289306640625,1809.9000244140625,1694.1051513671875,79.95389270448105
2021-07-14,1678.647216796875,1825.0,1698.1831380208334,77.67196701005568
2021-07-15,1670.01025390625,1829.0,1698.5217447916666,75.4055461631939
2021-07-16,1663.925048828125,1815.0,1699.0402791341146,75.82264695567065
2021-07-19,1649.203125,1809.199951171875,1698.884883626302,75.46341018675113
2021-07-20,1640.4190673828125,1811.4000244140625,1697.5402750651042,68.14482941042073
2021-07-22,1674.213134765625,1805.4000244140625,1696.7250854492188,70.9491748195877
2021-07-23,1673.426025390625,1801.800048828125,1695.6251993815104,68.60490622634534
2021-07-26,1694.9718017578125,1799.199951171875,1695.5772013346354,63.905660225906644
2021-07-27,1701.0714111328125,1799.800048828125,1695.524784342448,62.574173889274334
2021-07-28,1695.6605224609375,1799.699951171875,1695.6649576822917,63.987765774650704
2021-07-29,1711.008056640625,1831.199951171875,1696.5931681315103,67.93320856675649
2021-07-30,1686.80615234375,1812.5999755859375,1696.8307861328126,63.89077139812069
2021-08-02,1742.8837890625,1822.199951171875,1698.9409261067708,71.33306137235971
2021-08-03,1810.4228515625,1814.0999755859375,1702.2701985677083,77.73328282511739
2021-08-04,1770.479736328125,1814.5,1703.8051106770833,73.578729805774
2021-08-05,1770.1846923828125,1808.9000244140625,1704.4943074544271,67.41228991717905
2021-08-06,1758.82177734375,1763.0999755859375,1704.8603597005208,66.67026807178533
2021-08-09,1770.037109375,1726.5,1706.4835693359375,63.14317291418181
2021-08-10,1770.0863037109375,1731.699951171875,1708.952482096354,61.00666675697504
2021-08-11,1760.445068359375,1753.300048828125,1710.9838785807292,64.40060144478986
2021-08-12,1794.091552734375,1751.800048828125,1714.1073771158854,65.04666994726709
2021-08-13,1808.16015625,1778.199951171875,1717.4446533203125,72.78394553014382
2021-08-16,1807.4713134765625,1789.800048828125,1720.2862263997397,74.33682667003563
2021-08-17,1844.11865234375,1787.800048828125,1724.5080485026042,71.17902841554513
2021-08-18,1849.8741455078125,1784.4000244140625,1728.4996907552083,70.70238392671482
2021-08-20,1846.4306640625,1784.0,1733.5395833333334,67.39798805368835
2021-08-23,1840.0849609375,1806.300048828125,1738.3973999023438,63.662573141511025
2021-08-24,1839.34716796875,1808.5,1743.4187377929688,63.19095865156959
2021-08-25,1793.1568603515625,1791.0,1746.924930826823,62.30102311397887
2021-08-26,1785.974853515625,1795.199951171875,1750.047782389323,59.88974150802957
2021-08-27,1793.0584716796875,1819.5,1753.8614908854167,62.15523865036363
2021-08-30,1848.053955078125,1812.199951171875,1759.796280924479,65.68026628334356
2021-08-31,1890.5057373046875,1818.0999755859375,1767.3489705403647,69.82982609548137
2021-09-01,1908.017822265625,1816.0,1775.9761271158854,70.8831895812354
2021-09-02,1935.26953125,1811.5,1785.8044759114584,73.8664217097458
2021-09-03,1986.6248779296875,1833.699951171875,1796.2182006835938,83.92949292454163
2021-09-06,1987.9530029296875,2069.39990234375,1806.7024332682292,80.83991847534595
2021-09-07,2000.988525390625,1798.5,1816.9029907226563,81.82277798076318
2021-09-08,2022.681640625,1793.5,1827.6233317057292,73.87005974294844
2021-09-09,2001.3822021484375,1800.0,1837.814054361979,75.90513991237424
2021-09-13,1997.7911376953125,1794.4000244140625,1847.3734903971354,74.3188944415532
2021-09-14,2022.435791015625,1807.0999755859375,1858.5611450195313,77.25099418738321
2021-09-15,2085.5478515625,1794.800048828125,1869.983280436198,83.0105787409052
2021-09-16,2074.577880859375,1756.699951171875,1878.788448079427,82.96976827410741
2021-09-17,2061.690185546875,1751.4000244140625,1888.4954630533855,79.88671717316957
2021-09-20,2043.7354736328125,1763.800048828125,1897.6138224283854,75.28058609025008
2021-09-21,2052.09765625,1778.199951171875,1907.3896850585938,78.01315033319523
2021-09-22,2047.375732421875,1778.800048828125,1916.6343058268228,76.52894959282916
2021-09-23,2070.9873046875,1749.800048828125,1926.6643391927084,78.45907670997974
2021-09-24,2059.03369140625,1751.699951171875,1936.617293294271,80.29572056970424
2021-09-27,2056.427001953125,1752.0,1945.3618082682292,87.09391028688047
2021-09-28,2094.844970703125,1737.5,1954.91796875,93.25529834183715
2021-09-29,2112.75048828125,1722.9000244140625,1965.0939412434896,92.68278318887957
2021-09-30,2126.8681640625,1757.0,1974.518924967448,97.6952111119495
2021-10-01,2128.7373046875,1758.4000244140625,1983.814363606771,95.51453610102536
2021-10-04,2120.42431640625,1767.5999755859375,1992.9474853515626,89.72299845178837
2021-10-05,2157.169921875,1760.9000244140625,2003.516984049479,88.29005826468767
2021-10-06,2112.89794921875,1761.800048828125,2012.635343424479,79.19855389355463
2021-10-07,2336.913330078125,1759.199951171875,2030.7605590820312,98.6441474304452
2021-10-08,2320.041015625,1757.4000244140625,2048.5627644856772,97.91999318529044
2021-10-11,2324.173095703125,1755.699951171875,2066.2665852864584,97.3471830105614
2021-10-12,2452.266357421875,1759.300048828125,2086.4069986979166,99.2488259930645
2021-10-13,2496.14453125,1794.699951171875,2106.5949584960936,102.7896899090579
2021-10-14,2522.56005859375,1797.9000244140625,2127.079699707031,104.76426825562145
2021-10-18,2546.909423828125,1765.699951171875,2147.467696126302,106.48578687597876
2021-10-19,2444.690673828125,1770.5,2162.7365559895834,102.69856445383074
2021-10-20,2372.3798828125,1784.9000244140625,2175.5507853190106,97.57118374548605
2021-10-21,2356.934326171875,1781.9000244140625,2187.415645345052,97.87796750243811
2021-10-22,2372.97021484375,1796.300048828125,2199.091931152344,97.66881553710813
2021-10-25,2340.65185546875,1806.800048828125,2210.400919596354,94.08014965571472
2021-10-26,2415.028564453125,1793.4000244140625,2224.3088338216144,99.48430702849468
2021-10-27,2420.292236328125,1798.800048828125,2237.5707153320313,98.12020450902305
2021-10-28,2336.71630859375,1802.5999755859375,2245.942997233073,93.65143050047612
2021-10-29,2344.98046875,1783.9000244140625,2254.956416829427,92.4190804008911
2021-11-01,2367.36279296875,1795.800048828125,2265.1455037434894,98.44284247095025
2021-11-02,2414.2412109375,1789.4000244140625,2277.4956949869793,99.69450295137452
2021-11-03,2378.82373046875,1763.9000244140625,2288.3865641276043,99.15776073831553
2021-11-04,2392.40087890625,1793.5,2299.88740234375,106.89049161139414
2021-11-08,2495.70166015625,1828.0,2314.0445475260417,118.12867025698056
2021-11-09,2471.450439453125,1830.800048828125,2327.7917724609374,115.5007616350923
2021-11-10,2444.395751953125,1848.300048828125,2340.7240641276044,107.55537386727849
2021-11-11,2487.191650390625,1863.9000244140625,2353.802286783854,108.46168217070287
2021-11-12,2498.4072265625,1868.5,2366.657511393229,104.94260602252501
2021-11-15,2498.308837890625,1866.5999755859375,2379.0388671875,103.07072577670078
2021-11-16,2490.782470703125,1854.0999755859375,2391.107039388021,97.48828881145954
2021-11-17,2458.906982421875,1870.199951171875,2402.389794921875,91.9216945511636
2021-11-18,2438.098876953125,1861.4000244140625,2411.7540934244794,94.88073902230742
2021-11-22,2352.60546875,1806.300048828125,2419.744344075521,87.54687688087752
2021-11-23,2349.0634765625,1783.800048828125,2420.149348958333,85.76024563736517
2021-11-24,2337.4052734375,1784.300048828125,2420.7281575520833,85.07531989679946
2021-11-25,2359.0,2069.39990234375,2421.889054361979,84.61168685652555
2021-11-26,2255.207275390625,1785.5,2415.320418294271,79.50152741867362
2021-11-29,2286.5908203125,1782.300048828125,2408.3352945963543,80.26036284662712
2021-11-30,2337.06103515625,1773.5999755859375,2402.151993815104,74.42760884936676
2021-12-01,2322.008056640625,1784.300048828125,2394.655281575521,75.561126026889
2021-12-02,2347.8828125,1762.699951171875,2391.4283528645833,80.25277374771227
2021-12-03,2330.912109375,1783.9000244140625,2390.04609375,81.71572558599911
2021-12-06,2287.67333984375,1779.5,2387.7373942057293,75.59728273600375
2021-12-07,2342.029541015625,1784.699951171875,2386.7060384114584,75.30569686000612
2021-12-08,2366.624755859375,1785.5,2387.5718017578124,79.80171850148155
2021-12-09,2334.748779296875,1776.699951171875,2384.8958089192706,71.26297505662274
2021-12-10,2301.496337890625,1784.800048828125,2380.9359456380207,65.31282272148657
2021-12-13,2312.465576171875,1788.300048828125,2380.127587890625,63.945236767828305
2021-12-14,2316.7451171875,1772.300048828125,2379.1864095052083,65.61418377134625
2021-12-15,2285.55810546875,1764.5,2376.4595865885417,63.093002763382856
2021-12-16,2319.106201171875,1798.199951171875,2373.2884195963543,65.68416110072623
2021-12-17,2243.49951171875,1804.9000244140625,2368.7776123046874,60.50206509841334
2021-12-20,2203.1142578125,1794.5999755859375,2362.468058268229,55.62411281837436
2021-12-21,2250.632568359375,1788.699951171875,2354.2990885416666,56.69398918714212
2021-12-22,2262.53662109375,1802.199951171875,2347.3352945963543,56.95433710763744
2021-12-23,2292.19873046875,1811.699951171875,2342.262060546875,55.238753148972776
2021-12-24,2281.917724609375,2069.39990234375,2335.4195963541665,54.79970533064677
2021-12-27,2293.576171875,1808.800048828125,2328.59189453125,53.808716853499725
2021-12-28,2341.3408203125,1810.9000244140625,2323.359627278646,62.100989216544924
2021-12-29,2363.279541015625,1805.800048828125,2319.1095296223957,60.65602474635665
2021-12-30,2397.86083984375,1814.0999755859375,2317.074658203125,63.87611496845411
2021-12-31,2481.583984375,1828.5999755859375,2318.524161783854,69.02541275797842
2022-01-03,2483.010498046875,1800.0999755859375,2322.87099609375,63.901685524536724
2022-01-04,2541.20361328125,1814.5999755859375,2329.275667317708,68.11875335146624
2022-01-05,2534.4638671875,1825.0999755859375,2335.844287109375,66.32292043758532
2022-01-06,2553.894287109375,1789.199951171875,2342.3407633463544,66.04200624660419
2022-01-07,2531.06982421875,1797.4000244140625,2351.536181640625,65.46076634472297
2022-01-10,2614.49755859375,1798.800048828125,2362.46640625,71.76315763093474
2022-01-11,2610.414794921875,1818.5,2371.5781982421877,69.30616319201842
2022-01-12,2570.668701171875,1827.300048828125,2379.8668863932294,66.5533818756725
2022-01-13,2576.866455078125,1821.4000244140625,2387.4996744791665,70.22938645879937
2022-01-14,2550.795654296875,1816.5,2394.8291259765624,67.8270812556858
2022-01-17,2555.517822265625,2069.39990234375,2403.757275390625,66.4928317139595
2022-01-18,2558.518798828125,1812.4000244140625,2410.973583984375,70.70520091108425
2022-01-19,2547.0078125,1843.199951171875,2416.9863525390624,72.34097946421139
2022-01-20,2522.805908203125,1842.5999755859375,2423.254923502604,72.51930559622713
2022-01-21,2487.24072265625,1831.800048828125,2429.4464029947917,71.54948377651283
2022-01-24,2364.1650390625,1841.699951171875,2431.169718424479,60.208471098888936
2022-01-25,2338.044921875,1852.5,2431.8797119140627,56.73407128998391
2022-01-27,2272.670166015625,1793.0999755859375,2431.4501139322915,51.21736396421377
2022-01-28,2278.13037109375,1784.9000244140625,2430.0842529296874,52.979316478575655
2022-01-31,2322.10693359375,1795.0,2432.7045003255207,58.66161979695863
2022-02-01,2392.449951171875,1801.5,2439.015690104167,62.525162689355064
2022-02-02,2424.12890625,1810.300048828125,2444.7989013671877,71.43826506250426
2022-02-03,2434.901611328125,1804.0999755859375,2450.544401041667,71.08386488855373
2022-02-04,2431.163330078125,1807.800048828125,2455.176554361979,74.40528993128379
2022-02-07,2370.215576171875,1821.800048828125,2458.1198160807294,60.832407345667214
2022-02-08,2404.10791015625,1827.9000244140625,2461.804207356771,64.90032944142656
2022-02-09,2444.59228515625,1836.5999755859375,2465.2459228515627,63.31252181458176
2022-02-10,2451.528564453125,1837.4000244140625,2468.1875569661456,65.02562373157063
2022-02-11,2402.73095703125,1842.0999755859375,2468.349894205729,62.185506198846774
2022-02-14,2359.19677734375,1869.4000244140625,2464.2703206380206,55.915712994347544
2022-02-15,2455.512451171875,1856.199951171875,2463.353719075521,60.387665729323835
2022-02-16,2447.78955078125,1871.5,2460.2399169921873,59.55080085744973
2022-02-17,2452.856201171875,1902.0,2457.5196614583333,63.9129466181215
2022-02-18,2448.675048828125,1899.800048828125,2454.012353515625,66.97368823009462
2022-02-21,2414.635009765625,2069.39990234375,2450.1311930338543,65.70047726439228
2022-02-22,2410.4541015625,1907.4000244140625,2443.3297444661457,66.86333330516567
2022-02-23,2455.315673828125,1910.4000244140625,2438.159773763021,71.30148256150655
2022-02-24,2367.657958984375,1926.300048828125,2431.3927490234373,68.34429844832361
2022-02-25,2428.5068359375,1887.5999755859375,2426.4474283854165,73.57312098677669
2022-02-28,2505.343017578125,1900.699951171875,2424.932340494792,81.65158580496079
2022-03-02,2550.697021484375,1922.300048828125,2424.7716471354165,82.4984846605727
2022-03-03,2532.59521484375,1935.9000244140625,2423.9075276692706,77.73366874851956
2022-03-04,2401.501220703125,1966.5999755859375,2419.057307942708,70.57798100943198
2022-03-07,2351.031005859375,1995.9000244140625,2413.331477864583,70.26316043053855
2022-03-08,2332.879638671875,2043.300048828125,2408.1861083984377,63.68407033183132
2022-03-09,2394.27001953125,1988.199951171875,2409.1896077473957,65.82184060175142
2022-03-10,2427.86767578125,2000.4000244140625,2412.183699544271,67.75534368178302
2022-03-11,2453.250244140625,1985.0,2418.2030354817707,69.98181094633405
2022-03-14,2497.915283203125,1960.800048828125,2425.52919921875,72.64215126962448
2022-03-15,2515.574951171875,1929.699951171875,2431.978133138021,75.94536227724002
2022-03-16,2545.43359375,1909.199951171875,2437.077587890625,78.01541784406294
2022-03-17,2659.26171875,1943.199951171875,2444.915348307292,84.1620609959678
2022-03-21,2663.442626953125,1929.5,2452.533382161458,83.0518960146744
2022-03-22,2668.853759765625,1921.5,2460.456396484375,82.23145672558746
2022-03-23,2646.471923828125,1937.300048828125,2469.66494140625,79.64976252228126
2022-03-24,2576.128662109375,1962.199951171875,2475.398966471354,78.24734412999031
2022-03-25,2483.059326171875,1954.199951171875,2476.681201171875,72.31674930850834
2022-03-28,2494.865478515625,1939.800048828125,2478.125764973958,73.46095372581051
2022-03-29,2497.71875,1912.199951171875,2481.292024739583,74.27177635772517
2022-03-30,2482.321533203125,1933.5,2485.3961832682294,69.13784867688948
2022-03-31,2495.111328125,1949.199951171875,2486.7161458333335,70.83183346698753
2022-04-01,2480.058837890625,1923.699951171875,2487.791788736979,74.16667573934701
2022-04-04,2476.271240234375,1934.0,2488.5722900390624,67.54908994317958
2022-04-05,2507.949951171875,1927.5,2490.5481201171874,64.62538319538113
2022-04-06,2498.9482421875,1923.0999755859375,2493.3585611979165,63.418584649654086
2022-04-07,2418.5703125,1937.800048828125,2493.6291015625,58.03043259402876
2022-04-08,2469.335205078125,1945.5999755859375,2494.0964192708334,63.90690828995442
2022-04-11,2449.560791015625,1948.199951171875,2496.826513671875,63.60688791223663
2022-04-12,2447.93701171875,1976.0999755859375,2497.474186197917,64.72945506574597
2022-04-13,2421.52197265625,1984.699951171875,2494.6801513671876,57.019966131301445
2022-04-18,2453.1025390625,1986.4000244140625,2491.427001953125,56.999494684499695
2022-04-19,2412.91357421875,1959.0,2487.4376139322917,62.764982377258185
2022-04-20,2442.526123046875,1955.5999755859375,2488.805110677083,62.593460563973125
2022-04-21,2480.20654296875,1948.199951171875,2493.1109619140625,64.24864991848543
2022-04-22,2472.040771484375,1934.300048828125,2497.7496663411457,62.59823379299485
2022-04-25,2414.1923828125,1896.0,2498.4137451171873,61.966609123677244
2022-04-26,2506.966552734375,1904.0999755859375,2501.0503743489585,67.72689708094777
2022-04-27,2452.020263671875,1888.699951171875,2501.009375,68.70913547082498
2022-04-28,2472.53271484375,1891.300048828125,2500.163289388021,72.37873950599653
2022-04-29,2418.422607421875,1911.699951171875,2496.9248779296877,66.50991774316512
2022-05-02,2347.93212890625,1863.5999755859375,2490.3414957682294,60.00769996491091
2022-05-04,2252.8955078125,1868.800048828125,2476.7959554036456,52.1319987674945
2022-05-05,2225.397705078125,1875.699951171875,2462.1944580078125,50.47957866776505
2022-05-06,2173.00927734375,1882.800048828125,2445.66630859375,48.42948406070593
2022-05-09,2147.87255859375,1858.5999755859375,2429.0463297526044,53.687800337782846
2022-05-10,2102.764892578125,1841.0,2413.267537434896,52.71778587247997
2022-05-11,2080.481201171875,1853.699951171875,2399.8482666015625,48.40192341784915
2022-05-12,2015.401611328125,1824.5999755859375,2383.8661376953123,42.167299653377135
2022-05-13,2057.853271484375,1808.199951171875,2369.203955078125,44.95110653982435
2022-05-16,2075.46337890625,1814.0,2355.6420166015623,45.32252262016172
2022-05-17,2141.133544921875,1818.9000244140625,2343.8427571614584,51.99936635755511
2022-05-18,2131.68896484375,1815.9000244140625,2332.230428059896,49.27990390170236
2022-05-19,2077.775634765625,1841.199951171875,2318.9472412109376,45.41446245781169
2022-05-20,2102.469482421875,1842.0999755859375,2305.4312255859377,45.89501259555089
2022-05-23,2116.489013671875,1847.800048828125,2292.682584635417,40.09813823080173
2022-05-24,2105.61767578125,1865.4000244140625,2282.250830078125,41.03699997056487
2022-05-25,2079.201904296875,1846.300048828125,2269.24638671875,38.340022585566544
2022-05-26,2107.2900390625,1847.5999755859375,2257.837361653646,39.57086389129867
2022-05-27,2114.422607421875,1851.300048828125,2246.72021484375,41.664016807305494
2022-05-30,2219.396240234375,2069.39990234375,2239.9826904296874,44.11059613866575
2022-05-31,2180.14208984375,1842.699951171875,2230.8840087890626,40.32763473330776
2022-06-01,2162.03955078125,1848.699951171875,2222.5215413411456,38.17605924162204
2022-06-02,2185.01171875,1871.4000244140625,2213.9377278645834,41.17171249377529
2022-06-03,2168.7294921875,1850.199951171875,2203.5551595052084,38.429944734712905
2022-06-06,2162.974609375,1843.699951171875,2193.2529541015624,38.4833989951934
2022-06-07,2066.80615234375,1852.0999755859375,2181.6734130859377,32.801904296966924
2022-06-08,2094.402099609375,1856.5,2167.9212646484375,26.180047108631953
2022-06-09,2105.076416015625,1852.800048828125,2156.3564697265624,27.70662347569386
2022-06-10,2107.585205078125,1875.5,2144.191552734375,27.433933091446107
2022-06-13,2068.380126953125,1831.800048828125,2132.523470052083,23.062389623353276
2022-06-14,2067.986572265625,1813.5,2123.1919514973956,21.741598124967876
2022-06-15,2070.9873046875,1819.5999755859375,2117.1283447265623,21.364267894717038
2022-06-16,2027.600830078125,1849.9000244140625,2110.535115559896,19.522918787177534
2022-06-17,1905.115478515625,1840.5999755859375,2101.605322265625,11.891597246613305
2022-06-20,1929.956787109375,2069.39990234375,2094.3414632161457,14.10037035588314
2022-06-21,2044.4735107421875,1838.800048828125,2092.3984171549478,21.466253557956904
2022-06-22,1998.332275390625,1838.4000244140625,2089.660119628906,18.971179990231057
2022-06-23,2008.3671875,1829.800048828125,2089.4256388346353,19.575589013131367
2022-06-24,2012.499267578125,1830.300048828125,2087.9138387044272,17.65254037349615
2022-06-27,2007.284912109375,1824.800048828125,2085.641223144531,16.402646081314963
2022-06-28,1936.2042236328125,1821.199951171875,2078.8102457682294,10.671305896688633
2022-06-29,1904.8203125,1817.5,2071.2479573567707,8.981376080286596
2022-06-30,1909.8377685546875,1807.300048828125,2065.650028483073,10.950588402822326
2022-07-01,1914.7076416015625,1801.5,2059.3913004557294,12.894238266356028
2022-07-04,1930.7440185546875,2069.39990234375,2053.1998006184895,13.606379104646994
2022-07-05,1922.62744140625,1763.9000244140625,2047.1001261393228,13.070018615797597
2022-07-06,1980.968017578125,1736.5,2043.825663248698,15.978890929776334
2022-07-07,2093.073974609375,1739.699951171875,2043.3517944335938,21.533193559041884
2022-07-08,2117.114990234375,1742.300048828125,2043.4415405273437,23.269832932524448
2022-07-11,2136.120361328125,1731.699951171875,2040.6656778971353,23.46625313452877
2022-07-12,2102.947021484375,1724.800048828125,2038.092508951823,24.05055361150099
2022-07-13,2084.5830078125,1735.5,2035.510624186198,23.031394759655875
2022-07-14,2100.429443359375,1705.800048828125,2032.6912150065104,24.38092602744797
2022-07-15,2161.888427734375,1703.5999755859375,2032.4631795247396,28.076154088640905
2022-07-18,2209.0322265625,1710.199951171875,2033.9984334309895,30.535140646114755
2022-07-19,2212.734619140625,1710.699951171875,2038.8627156575521,31.816536375217265
2022-07-20,2242.353515625,1700.199951171875,2043.7944295247396,34.2718411686399
2022-07-21,2259.53271484375,1713.4000244140625,2048.9429728190103,35.7953422502475
2022-07-22,2295.470458984375,1727.4000244140625,2055.2058146158856,39.18664257832856
2022-07-25,2299.271484375,1719.0999755859375,2062.9021931966145,40.163664888591285
2022-07-26,2264.073974609375,1717.699951171875,2069.438439941406,35.232123532845485
2022-07-27,2274.292724609375,1719.0999755859375,2076.2152872721354,35.906379493440156
2022-07-28,2304.997314453125,1750.300048828125,2085.461836751302,35.99030450315872
2022-07-29,2322.176513671875,1762.9000244140625,2099.3638712565103,36.51258250971623
2022-08-01,2346.0693359375,1787.699951171875,2113.2342895507813,38.35725399401375
2022-08-02,2354.65869140625,1789.699951171875,2123.573795572917,37.61821180604852
2022-08-03,2385.709228515625,1776.4000244140625,2136.486360677083,41.43351476402768
2022-08-04,2392.866943359375,1806.9000244140625,2149.303019205729,37.29354523668511
2022-08-05,2401.901123046875,1791.199951171875,2162.2830810546875,32.67072501730161
2022-08-08,2415.871337890625,1805.199951171875,2175.902628580729,36.452922240217546
2022-08-10,2402.69091796875,1813.699951171875,2191.452185058594,35.731086609642574
2022-08-11,2440.948974609375,1807.199951171875,2209.3231404622397,38.783190318225614
2022-08-12,2440.5537109375,1815.5,2227.013671875,37.88149965958958
2022-08-16,2462.17578125,1789.699951171875,2245.2626098632813,39.099193982130465
2022-08-17,2460.546630859375,1776.699951171875,2262.9226969401043,39.7684412358547
2022-08-18,2447.21826171875,1771.199951171875,2280.4090576171875,36.40431325753386
2022-08-19,2409.60205078125,1762.9000244140625,2294.6968587239585,33.26264504017162
2022-08-22,2386.89404296875,1748.4000244140625,2304.490861002604,32.05709131713426
2022-08-23,2448.69921875,1761.199951171875,2315.543668619792,32.78425526675679
2022-08-24,2429.44677734375,1761.5,2325.3212158203123,31.330381758313507
2022-08-25,2435.12353515625,1771.4000244140625,2336.393766276042,31.882749921327314
2022-08-26,2500.729736328125,1749.800048828125,2350.2653238932294,35.9029495602222
2022-08-29,2499.544921875,1749.699951171875,2363.5691731770835,35.893047566182275
2022-08-30,2571.568359375,1736.300048828125,2377.2251708984377,43.41011744342453
2022-09-01,2588.697998046875,1709.300048828125,2389.8806966145835,44.94593767382107
2022-09-02,2579.41748046875,1722.5999755859375,2402.1034586588544,43.85573706653432
2022-09-05,2593.97998046875,2069.39990234375,2413.8243408203125,40.36278396206736
2022-09-06,2598.225341796875,1712.9000244140625,2425.1140950520835,37.43546451761581
2022-09-07,2604.248046875,1727.800048828125,2435.4066813151044,36.489712857223466
2022-09-08,2593.33837890625,1720.199951171875,2445.2089111328123,34.00398947175074
2022-09-09,2570.3837890625,1728.5999755859375,2455.41923828125,29.384455898949714
2022-09-12,2627.350830078125,1740.5999755859375,2467.187841796875,32.16362892916198
2022-09-13,2671.18701171875,1717.4000244140625,2479.3941650390625,33.49336979317719
2022-09-14,2666.2998046875,1709.0999755859375,2490.86494140625,31.820042815221505
2022-09-15,2622.414306640625,1677.300048828125,2500.0764404296874,31.03016024752914
2022-09-16,2578.627685546875,1683.5,2507.5420735677085,29.073937554935103
2022-09-19,2586.526123046875,1678.199951171875,2514.2359700520833,27.89163119724931
2022-09-20,2649.910400390625,1671.0999755859375,2522.8040852864583,27.06063773148637
2022-09-21,2632.781005859375,1675.699951171875,2530.5000813802085,26.906829102447062
2022-09-22,2702.829833984375,1681.0999755859375,2540.065364583333,31.09776885645086
2022-09-23,2638.50732421875,1655.5999755859375,2547.9259114583333,29.10219342274807
2022-09-26,2621.7724609375,1633.4000244140625,2553.953361002604,27.76060890437948
2022-09-27,2567.3232421875,1636.199951171875,2558.1790120442706,25.395803102079874
2022-09-28,2544.22021484375,1670.0,2560.913826497396,22.850594452468552
2022-09-29,2499.347412109375,1668.5999755859375,2562.2071858723957,21.38448353423521
2022-09-30,2573.83935546875,1672.0,2566.4278889973957,25.160744972916827
2022-10-03,2541.505126953125,1702.0,2570.824658203125,21.321871665762494
2022-10-04,2552.266845703125,1730.5,2576.3370849609373,20.803041336860705
2022-10-06,2559.91845703125,1720.800048828125,2580.044392903646,20.360937282618718
2022-10-07,2695.820068359375,1709.300048828125,2588.9235026041665,26.639396153914973
2022-10-10,2646.060302734375,1675.199951171875,2595.954728190104,24.78918876100169
2022-10-11,2591.16650390625,1686.0,2598.969287109375,20.118794427377452
2022-10-12,2588.056640625,1677.5,2601.919677734375,22.48848277702864
2022-10-13,2565.64453125,1677.0,2601.722216796875,9.787748575349543
2022-10-14,2584.55126953125,1648.9000244140625,2601.583992513021,11.401102485896919
2022-10-17,2591.659912109375,1664.0,2601.9920735677083,11.508902538316669
2022-10-18,2607.5556640625,1655.800048828125,2602.4445963541666,6.332481223772302
2022-10-19,2610.961669921875,1634.199951171875,2602.869140625,4.599779268966353
2022-10-20,2598.077392578125,1636.800048828125,2602.6634521484375,2.993678335907446
2022-10-21,2631.79345703125,1656.300048828125,2603.9452880859376,3.332824968527559
2022-10-24,2649.811767578125,1654.0999755859375,2606.5928873697917,8.390472297618023
2022-10-25,2636.384521484375,1658.0,2606.894010416667,11.128261564876052
2022-10-27,2669.459228515625,1665.5999755859375,2606.836417643229,13.259805284916526
2022-10-28,2701.64501953125,1644.800048828125,2608.0145914713544,13.850776660892139
2022-10-31,2726.42626953125,1640.699951171875,2611.481656901042,16.481494809284357
2022-11-01,2719.959228515625,1649.699951171875,2616.1927083333335,12.626379188668135
2022-11-02,2693.796142578125,1650.0,2619.768375651042,11.300449678958536
2022-11-03,2728.548583984375,1630.9000244140625,2622.3896484375,16.7685000506729
2022-11-04,2734.52197265625,1676.5999755859375,2625.781013997396,16.61171634891683
2022-11-07,2706.729736328125,1680.5,2625.9110107421875,14.335231776359802
2022-11-09,2683.57763671875,1713.699951171875,2627.4133544921874,11.156152275134978
2022-11-10,2607.456787109375,1753.699951171875,2626.9361653645833,9.61118109392547
2022-11-11,2618.119873046875,1769.4000244140625,2628.629386393229,9.434831600790016
2022-11-14,2596.399169921875,1776.9000244140625,2630.368684895833,4.034837631967614
2022-11-15,2622.90771484375,1776.800048828125,2634.4873616536456,6.128274837028047
2022-11-16,2610.714599609375,1775.800048828125,2635.7165364583334,6.804088393761831
2022-11-17,2549.2060546875,1763.0,2635.9732340494793,2.493350453598353
2022-11-18,2533.2119140625,1754.4000244140625,2635.338069661458,1.393075041168812
2022-11-21,2540.666015625,1739.5999755859375,2634.696321614583,1.6954340108782606
2022-11-22,2573.0986328125,1739.9000244140625,2630.605607096354,3.304831436610267
2022-11-23,2568.705322265625,1745.5999755859375,2628.027107747396,4.465331166598463
2022-11-24,2577.0478515625,2069.39990234375,2627.5564860026043,5.699070530848149
2022-11-25,2562.435546875,1754.0,2626.7024495442706,8.919050852860932
2022-11-28,2559.325927734375,1740.300048828125,2626.4918294270833,8.950905468061787
2022-11-29,2580.552978515625,1748.4000244140625,2626.3585530598957,10.40246241596523
2022-11-30,2619.304443359375,1746.0,2627.280037434896,11.03452494105024
2022-12-01,2605.18603515625,1815.199951171875,2627.2010498046875,15.518695934723127
2022-12-02,2584.650146484375,1809.5999755859375,2626.3239990234374,13.035096770446252
2022-12-05,2582.4287109375,1781.300048828125,2625.8023763020833,10.498984497631891
2022-12-06,2583.76171875,1782.4000244140625,2624.201318359375,11.27272841973117
2022-12-07,2563.86767578125,1798.0,2621.3365152994793,9.199133028759299
2022-12-08,2550.68701171875,1801.5,2618.479931640625,9.42870824943629
2022-12-09,2582.231201171875,1810.699951171875,2615.572330729167,12.87587070224998
2022-12-12,2551.822265625,1792.300048828125,2610.5782389322917,8.957731784988422
2022-12-13,2543.183349609375,1825.5,2604.4701416015623,7.4603543849894205
2022-12-14,2558.190673828125,1818.699951171875,2599.0778564453126,9.57027567644948
2022-12-15,2490.6591796875,1787.800048828125,2592.3066243489584,8.219124170766534
2022-12-16,2451.3154296875,1800.199951171875,2583.0655192057293,6.0044073713512836
2022-12-19,2489.7705078125,1797.699951171875,2574.9071370442707,7.468468988727195
2022-12-20,2476.2939453125,1825.4000244140625,2567.2259440104167,8.345263215464449
2022-12-21,2457.979736328125,1825.4000244140625,2559.706013997396,5.988235255723762
2022-12-22,2451.463623046875,1795.300048828125,2554.506241861979,9.269630336081658
2022-12-23,2451.512939453125,1804.199951171875,2548.952677408854,11.274888751673885
2022-12-26,2449.587890625,2069.39990234375,2544.0589680989583,8.83997348401724
2022-12-27,2471.752685546875,1823.0999755859375,2539.020467122396,9.246969198314513
2022-12-28,2547.379638671875,1815.800048828125,2536.9093017578125,11.132582215109288
2022-12-29,2520.8212890625,1826.0,2535.963142903646,10.469420605163204
2022-12-30,2564.50927734375,1826.199951171875,2537.006388346354,11.812692719390338
2023-01-02,2533.16259765625,2069.39990234375,2536.7562744140623,8.192817366851667
2023-01-03,2580.40478515625,1846.0999755859375,2536.9998128255206,9.18745499092819
2023-01-04,2564.558837890625,1859.0,2536.8615966796874,6.951946304679524
2023-01-05,2529.55859375,1840.5999755859375,2535.2786214192706,1.9332252979172404
2023-01-06,2505.86376953125,1869.699951171875,2533.3928955078127,0.920385616667807
2023-01-09,2453.092529296875,1877.800048828125,2529.8517822265626,-3.4672972887286435
2023-01-10,2436.851318359375,1876.5,2525.061726888021,-3.8514081850551607
2023-01-11,2406.442626953125,1878.9000244140625,2517.9663330078124,-5.773600767287168
2023-01-12,2415.52587890625,1898.800048828125,2511.644327799479,-4.565024015019592
2023-01-13,2386.499267578125,1921.699951171875,2505.039298502604,-8.720539449968257
2023-01-16,2375.29345703125,2069.39990234375,2498.1347900390624,-9.007048931381101
2023-01-17,2377.366943359375,1909.9000244140625,2491.2549641927085,-7.519512635929349
2023-01-18,2393.3115234375,1907.0,2485.569759114583,-7.123183713261538
2023-01-19,2354.757568359375,1923.9000244140625,2479.038777669271,-7.685370076872655
2023-01-20,2341.18212890625,1928.199951171875,2471.00380859375,-8.387172708870139
2023-01-23,2334.665771484375,1928.5999755859375,2463.7652587890625,-8.749321187175996
2023-01-24,2340.63916015625,1935.4000244140625,2457.0137858072917,-8.102395733964796
2023-01-25,2326.669189453125,1942.5999755859375,2449.2964029947916,-7.774546512367209
2023-01-27,2301.640869140625,1929.4000244140625,2442.9957926432294,-7.462078431934549
2023-01-30,2305.885986328125,1922.9000244140625,2438.14814453125,-2.465100861041636
2023-01-31,2346.957763671875,1929.5,2433.3877197265624,0.3812091766708825
2023-02-01,2316.10498046875,1942.800048828125,2428.048087565104,1.9111798580642159
2023-02-02,2278.784912109375,1930.800048828125,2422.0749267578126,0.02873149947562048
2023-02-03,2431.81640625,1876.5999755859375,2421.42001953125,4.724565913356149
2023-02-06,2426.78076171875,1879.5,2420.5956136067707,1.4349646282071138
2023-02-07,2415.82177734375,1884.800048828125,2419.470076497396,-0.34268511401486235
2023-02-08,2435.419677734375,1890.699951171875,2418.2589762369794,0.021276687478444245
2023-02-09,2431.273193359375,1878.5,2414.3887613932293,0.004518959293720037
2023-02-10,2437.1474609375,1874.5,2411.5996337890624,2.823873298213919
2023-02-13,2487.0556640625,1863.5,2409.0178466796874,3.450250862527171
2023-02-14,2475.0595703125,1865.4000244140625,2407.0810791015624,1.2463135608031584
2023-02-15,2492.23876953125,1845.300048828125,2404.1422119140625,1.6606049657514887
2023-02-16,2490.363037109375,1851.800048828125,2401.6690185546877,3.647186540868508
2023-02-17,2468.543701171875,1850.199951171875,2399.635188802083,4.634921719045426
2023-02-20,2442.725830078125,2069.39990234375,2397.5305908203127,-0.5207312668134789
2023-02-21,2432.31005859375,1842.5,2396.837841796875,-0.6323865620947444
2023-02-22,2400.6669921875,1841.5,2395.631697591146,-2.1276913403827424
2023-02-23,2364.08740234375,1826.800048828125,2394.2198567708333,-3.4544251400305814
2023-02-24,2368.629150390625,1817.0999755859375,2392.656632486979,-1.9052924847414276
2023-02-27,2370.505126953125,1824.9000244140625,2392.123494466146,-1.657321522259203
2023-02-28,2342.6630859375,1836.699951171875,2391.0358154296873,-4.588110159985515
2023-03-01,2352.141357421875,1845.4000244140625,2390.194962565104,-0.655356551972397
2023-03-02,2328.989013671875,1840.5,2388.05087890625,-4.097901673280946
2023-03-03,2365.667236328125,1854.5999755859375,2388.4145345052084,-5.575116072729324
2023-03-06,2372.924072265625,1854.5999755859375,2389.4725992838544,-6.969583126548495
2023-03-08,2366.654541015625,1818.5999755859375,2390.5388916015627,-6.552198821806698
2023-03-09,2338.1708984375,1834.5999755859375,2390.4566162109377,-2.637113890247489
2023-03-10,2345.328857421875,1867.199951171875,2391.078605143229,-0.24253820656932046
2023-03-13,2302.38134765625,1916.5,2391.1032877604166,-1.3073238117414343
2023-03-14,2325.681884765625,1910.9000244140625,2391.763151041667,-2.8646783448031177
2023-03-15,2368.629150390625,1931.300048828125,2392.485530598958,-2.4399404457478457
2023-03-16,2419.228271484375,1923.0,2395.9229736328125,-1.386812158177031
2023-03-17,2424.4609375,1973.5,2400.778841145833,-2.9406259770720866
2023-03-20,2428.70654296875,1982.800048828125,2400.6751790364583,-3.4532228174182444
2023-03-21,2482.119140625,1941.0999755859375,2402.5197916666666,-2.4873739892669278
2023-03-22,2476.2939453125,1949.5999755859375,2404.5355305989583,-6.880397372978575
2023-03-23,2487.0556640625,1995.9000244140625,2406.256730143229,-6.622517831082586
2023-03-24,2461.681884765625,1983.800048828125,2407.2703531901043,-7.762578756589256
2023-03-27,2462.718505859375,1953.800048828125,2408.1227213541665,-6.943335250009019
2023-03-28,2468.543701171875,1973.5,2407.505655924479,-4.176226231239855
2023-03-29,2483.106689453125,1966.9000244140625,2407.773893229167,0.0019074566906640555
2023-03-31,2482.958251953125,1969.0,2407.4645426432294,-0.477269282253423
2023-04-03,2505.17236328125,2000.4000244140625,2407.958186848958,0.2984168366134021
2023-04-05,2540.02392578125,2035.5999755859375,2410.340861002604,2.324533377578497
2023-04-06,2516.082275390625,2026.4000244140625,2412.7860758463544,0.8404814257880755
2023-04-10,2550.884521484375,2003.800048828125,2416.738557942708,2.8558065845723846
2023-04-11,2547.28076171875,2019.0,2421.62568359375,2.86759868348081
2023-04-12,2555.031005859375,2024.9000244140625,2427.990470377604,1.8772724976230393
2023-04-13,2552.809814453125,2055.300048828125,2434.1298258463544,2.1553696613770823
2023-04-17,2572.50634765625,2007.0,2440.8631998697915,6.364753357000041
2023-04-18,2544.960693359375,2019.699951171875,2447.606453450521,3.0625849469820166
2023-04-19,2536.66748046875,2007.300048828125,2453.75732421875,3.556012562440203
2023-04-20,2546.490966796875,2019.0999755859375,2461.007389322917,4.0260004487994605
2023-04-21,2535.679931640625,1990.5,2466.6744791666665,4.714306137769686
2023-04-24,2596.152099609375,1999.800048828125,2474.115413411458,5.831373057953959
2023-04-25,2599.755859375,2004.5,2481.885457356771,7.743430479757052
2023-04-26,2607.456787109375,1996.0,2490.8616536458335,6.75246264538456
2023-04-27,2629.62158203125,1999.0,2500.3380777994794,6.024298237825532
2023-04-28,2608.2958984375,1999.0999755859375,2510.5352294921877,5.511847883937149
2023-05-02,2630.0166015625,2023.300048828125,2520.679720052083,8.939810277197878
2023-05-03,2620.341064453125,2037.0,2529.0701171875,4.52237831394644
2023-05-04,2636.4833984375,2055.699951171875,2536.3119547526044,7.522904174103084
2023-05-05,2698.189208984375,2024.800048828125,2545.43623046875,9.126532190490554
2023-05-08,2716.306396484375,2033.199951171875,2555.0228922526044,12.317276068637772
2023-05-09,2713.492431640625,2042.9000244140625,2562.7353352864584,15.569457832014333
2023-05-10,2710.579833984375,2037.0999755859375,2570.5448649088544,20.315381897861485
2023-05-11,2722.822509765625,2020.5,2578.403759765625,22.352175683134234
2023-05-12,2737.9775390625,2019.800048828125,2587.6136149088543,25.99934881131101
2023-05-15,2744.2470703125,2022.699951171875,2596.997900390625,27.765823876869433
2023-05-16,2754.811279296875,1993.0,2606.5401529947917,31.009001007207182
2023-05-17,2727.314697265625,1984.9000244140625,2614.680419921875,31.090571533614785
2023-05-18,2687.27978515625,1959.800048828125,2621.4911376953123,33.337185504449685
2023-05-19,2667.33642578125,1981.5999755859375,2626.8966064453125,29.61742524321189
2023-05-22,2678.097900390625,1977.199951171875,2631.499072265625,29.036143331132045
2023-05-23,2649.36767578125,1974.5,2635.9419189453124,23.736685274244262
2023-05-24,2672.865234375,1964.5999755859375,2640.0079427083333,25.387206035047317
2023-05-25,2673.556396484375,1943.699951171875,2644.2171305338543,28.67396997780054
2023-05-26,2707.322021484375,1944.300048828125,2649.293497721354,28.76867151316549
2023-05-29,2776.53173828125,2069.39990234375,2656.7508951822915,31.185738283813414
2023-05-30,2766.9052734375,1958.0,2663.230859375,31.405872265528533
2023-05-31,2787.39208984375,1963.9000244140625,2671.311905924479,34.060674150179
2023-06-01,2791.341064453125,1995.5,2679.801025390625,32.461171111260434
2023-06-02,2825.30419921875,1969.5999755859375,2689.0947998046877,33.620601165613536
2023-06-05,2819.4296875,1974.300048828125,2698.553125,27.035886444606195
2023-06-06,2844.8525390625,1981.5,2706.8431396484375,30.489317752054856
2023-06-07,2870.029052734375,1958.4000244140625,2715.85224609375,32.74637143882471
2023-06-08,2840.459228515625,1978.5999755859375,2723.618994140625,29.99743681652165
2023-06-09,2839.71875,1977.199951171875,2730.6222330729165,30.93927851443119
2023-06-12,2816.369384765625,1969.699951171875,2737.5580159505207,30.20815744015719
2023-06-13,2875.50830078125,1958.5999755859375,2745.741072591146,39.12810824181236
2023-06-14,2870.127685546875,1968.9000244140625,2754.0672932942707,37.03804470412724
2023-06-15,2871.065673828125,1970.699951171875,2761.8867024739584,36.38771742368969
2023-06-16,2916.77734375,1971.199951171875,2769.1729736328125,38.39427875666264
2023-06-19,2930.89599609375,2069.39990234375,2776.325960286458,41.7000655682751
2023-06-20,2936.227294921875,1947.699951171875,2783.750455729167,41.984833668674696
2023-06-21,2933.364013671875,1944.9000244140625,2791.1765950520835,41.640849609867736
2023-06-22,2932.525146484375,1923.699951171875,2798.166682942708,44.630299168470074
2023-06-23,2901.81982421875,1929.5999755859375,2803.6280924479165,52.31726669292034
2023-06-26,2934.84521484375,1933.800048828125,2809.9813639322915,52.06792371965299
2023-06-27,2937.90576171875,1923.800048828125,2816.084513346354,43.699869246641775
2023-06-28,2989.640380859375,1922.199951171875,2824.8287027994793,49.606770489405896
2023-06-30,3008.94189453125,1929.4000244140625,2835.550773111979,49.820307424797036
2023-07-03,2999.710693359375,1929.5,2846.629915364583,49.05400174228518
2023-07-04,3035.598876953125,2069.39990234375,2858.5466145833334,51.22909850217208
2023-07-05,3060.47900390625,1927.0999755859375,2872.2503255208335,58.06591921197297
2023-07-06,3066.94580078125,1915.4000244140625,2885.3863444010417,61.00971732898035
2023-07-07,3104.068115234375,1932.5,2899.7367350260415,62.53046024864448
2023-07-10,3006.86865234375,1931.0,2909.7216227213544,57.04061481828351
2023-07-11,3048.384521484375,1937.0999755859375,2918.783382161458,57.88651898900241
2023-07-12,3057.17138671875,1961.699951171875,2928.458919270833,59.010077609350596
2023-07-13,3055.43798828125,1963.800048828125,2937.3937825520834,54.23964249643674
2023-07-14,3026.515625,1964.4000244140625,2945.2329345703124,44.59668705998941
2023-07-17,3004.625244140625,1956.4000244140625,2951.210302734375,41.92073921350858
2023-07-18,2967.97705078125,1980.800048828125,2956.1618815104166,38.94240720293125
2023-07-19,2967.1845703125,1980.800048828125,2960.2396158854167,41.096496487966625
2023-07-20,2960.89501953125,1970.9000244140625,2963.2684814453123,42.03776047461532
2023-07-21,2948.018798828125,1966.5999755859375,2966.853800455729,40.353145788755306
2023-07-24,2950.890869140625,1962.199951171875,2970.559537760417,36.49598338583606
2023-07-25,3000.2177734375,1963.699951171875,2976.6878173828127,35.81593502174356
2023-07-26,2979.763916015625,1970.0999755859375,2980.1630045572915,34.66431492687978
2023-07-27,2973.5732421875,1945.699951171875,2983.611189778646,32.60947577923237
2023-07-28,2958.61669921875,1960.4000244140625,2986.5295572916666,30.93931677919266
2023-07-31,2975.505126953125,1970.5,2988.4871500651043,29.625067284448072
2023-08-01,2973.375244140625,1978.800048828125,2989.903125,29.31814552333578
2023-08-02,2948.8603515625,1975.0,2990.324226888021,30.245759839683362
2023-08-03,2874.523681640625,1968.800048828125,2988.3628824869793,26.391983342177006
2023-08-04,2876.801513671875,1976.0999755859375,2986.5054280598956,24.807152513078478
2023-08-07,2877.0,1970.0,2985.6781005859375,23.89239074039322
2023-08-08,2893.49169921875,1959.9000244140625,2984.2996500651043,23.33359696134034
2023-08-09,2927.812255859375,1950.5999755859375,2983.963199869792,24.34125873719839
2023-08-10,2960.152099609375,1948.9000244140625,2982.980257161458,24.07849473974517
2023-08-11,2988.579345703125,1946.5999755859375,2982.301505533854,24.895341715382724
2023-08-14,2982.042236328125,1944.0,2981.7125569661457,24.15341363200354
2023-08-16,2982.488037109375,1928.300048828125,2979.9421956380206,23.453926967546266
2023-08-17,3042.5615234375,1915.199951171875,2979.3449462890626,26.631415663305557
2023-08-18,3021.4638671875,1916.5,2977.8288818359374,23.782344433112314
2023-08-21,3049.04931640625,1923.0,2975.994921875,24.932686494123747
2023-08-22,3046.375244140625,1926.0,2977.311808268229,23.726960005838336
2023-08-23,3040.828369140625,1948.0999755859375,2977.0599365234375,23.58344812504447
2023-08-24,3032.11181640625,1947.0999755859375,2976.224617513021,23.90034284382598
2023-08-25,3038.0546875,1939.9000244140625,2975.6451741536457,26.08117952568105
2023-08-28,3019.58203125,1946.800048828125,2975.414054361979,26.506747970024303
2023-08-29,3050.138916015625,1965.0999755859375,2976.9311767578124,24.56159958970563
2023-08-30,3052.912109375,1973.0,2979.762345377604,25.66285204703762
2023-08-31,3074.950927734375,1965.9000244140625,2983.354557291667,26.274945945897166
2023-09-01,3087.18359375,1967.0999755859375,2987.564176432292,23.45130898803074
2023-09-04,3070.840576171875,2069.39990234375,2991.658235677083,22.85598667569957
2023-09-05,3106.349365234375,1952.5999755859375,2996.840185546875,20.79590861000287
2023-09-06,3145.87060546875,1944.199951171875,3001.695279947917,21.52327571011572
2023-09-07,3142.651123046875,1942.5,3007.124853515625,21.835691463010875
2023-09-08,3168.701416015625,1942.699951171875,3013.6291259765626,22.155970357297015
2023-09-11,3182.7666015625,1947.199951171875,3021.100789388021,22.497712202336118
2023-09-12,3155.52783203125,1935.0999755859375,3027.1015462239584,21.168482234930153
2023-09-13,3232.192138671875,1932.5,3035.7287760416666,24.6344158156123
2023-09-14,3230.360107421875,1932.800048828125,3045.112101236979,25.676178054332087
2023-09-15,3217.731201171875,1946.199951171875,3056.552351888021,22.470557199100625
2023-09-18,3307.76708984375,1953.4000244140625,3070.91787109375,23.83135569813206
2023-09-20,3275.229248046875,1967.0999755859375,3084.192179361979,22.837996023134522
2023-09-21,3273.099853515625,1939.5999755859375,3096.8457845052085,24.812461754319195
2023-09-22,3243.385009765625,1945.5999755859375,3107.3648763020833,25.779500000899436
2023-09-25,3252.7451171875,1936.5999755859375,3117.1179768880206,25.757288441990788
2023-09-26,3231.597900390625,1919.800048828125,3125.2185953776043,21.951213894411413
2023-09-27,3184.004638671875,1890.9000244140625,3131.950675455729,20.936934427349875
2023-09-28,3127.249267578125,1878.5999755859375,3136.7760498046873,15.702780406567163
2023-09-29,3118.87939453125,1866.0999755859375,3139.3199788411457,18.206205679369724
2023-10-03,3165.87841796875,1841.5,3144.133797200521,20.753363044964136
2023-10-04,3136.559814453125,1834.800048828125,3147.050813802083,22.172376384541437
2023-10-05,3185.93603515625,1831.800048828125,3151.702840169271,25.22249515071595
2023-10-06,3278.300048828125,1845.199951171875,3159.6185628255207,31.166240953326984
2023-10-09,3236.451416015625,1864.300048828125,3166.4298828125,25.744110996632095
2023-10-10,3238.135498046875,1875.300048828125,3173.0992431640625,27.410150139217038
2023-10-11,3249.328125,1887.300048828125,3180.7574462890625,27.311457674201044
2023-10-12,3253.78515625,1883.0,3187.545654296875,27.105031307264007
2023-10-13,3252.546875,1941.5,3194.200146484375,20.651482388416163
2023-10-16,3270.029296875,1934.300048828125,3200.7027587890625,23.58105722291477
2023-10-17,3277.012451171875,1935.699951171875,3207.0303873697917,26.468617367185576
2023-10-18,3251.556640625,1968.300048828125,3213.0542561848956,25.636996871898777
2023-10-19,3253.438232421875,1980.5,3217.9572184244794,26.807832994572212
2023-10-20,3235.16357421875,1994.4000244140625,3220.9336507161456,25.173124339123643
2023-10-23,3189.155029296875,1987.800048828125,3222.483780924479,23.054534061191447
2023-10-25,3157.55859375,1994.9000244140625,3222.112353515625,21.09266303564199
2023-10-26,3071.33544921875,1997.4000244140625,3218.397981770833,17.63234537681475
2023-10-27,3091.04638671875,1998.5,3216.248600260417,18.974376804512417
2023-10-30,3086.836669921875,2005.5999755859375,3211.40341796875,17.29023269948884
2023-10-31,3159.34130859375,1994.300048828125,3209.036124674479,19.228895699309412
2023-11-01,3143.245361328125,1987.5,3206.553263346354,19.22560368994921
2023-11-02,3171.07861328125,1993.5,3201.9969807942707,18.79104874152937
2023-11-03,3243.385009765625,1999.199951171875,3200.935506184896,20.052226932773355
2023-11-06,3236.005859375,1988.5999755859375,3199.699039713542,18.690385855597015
2023-11-07,3239.125732421875,1973.5,3199.557063802083,19.087289929326513
2023-11-08,3280.380126953125,1957.800048828125,3200.478230794271,21.775366558124333
2023-11-09,3252.546875,1969.800048828125,3201.1765299479166,19.204286633974977
2023-11-10,3225.407470703125,1937.699951171875,3202.5566243489584,17.951419039798044
2023-11-13,3233.727783203125,1950.199951171875,3206.105908203125,19.46991750975149
2023-11-15,3264.631103515625,1964.300048828125,3210.9642985026044,21.65219514600434
2023-11-16,3304.2509765625,1987.300048828125,3215.5767171223956,26.723134699600926
2023-11-17,3307.12353515625,1984.699951171875,3221.262174479167,26.3167347378765
2023-11-20,3314.05712890625,1980.300048828125,3225.5328776041665,27.64050949091812
2023-11-21,3362.195068359375,2001.5999755859375,3228.329378255208,28.185793550104577
2023-11-22,3397.259033203125,1992.800048828125,3233.689632161458,30.127553341580725
2023-11-23,3376.012451171875,1993.300048828125,3238.2855305989583,32.433878578157184
2023-11-24,3364.671630859375,2003.0,3242.1303141276044,32.822351425920274
2023-11-28,3409.689453125,2040.0,3247.3271240234376,34.20455235578146
2023-11-29,3396.7138671875,2047.0999755859375,3252.1326904296875,32.008692705057925
2023-11-30,3457.431640625,2038.0999755859375,3258.379435221354,34.598219992611256
2023-12-01,3456.342041015625,2089.699951171875,3264.3570882161457,34.12021196734847
2023-12-04,3455.25244140625,2042.199951171875,3271.1469482421876,34.84251128267708
2023-12-05,3511.611572265625,2036.300048828125,3279.752726236979,37.208455328479964
2023-12-06,3513.196533203125,2047.9000244140625,3289.0204915364584,36.14122873865475
2023-12-07,3551.33056640625,2046.4000244140625,3301.093009440104,35.582962698735
2023-12-08,3600.112548828125,2014.5,3315.8448079427085,38.19022903722124
2023-12-11,3596.002197265625,1993.699951171875,3333.333699544271,39.12916617194342
2023-12-12,3537.4638671875,1993.199951171875,3348.2142822265623,36.982053065205164
2023-12-13,3568.119873046875,1997.300048828125,3364.2570556640626,38.097868977372194
2023-12-14,3557.273681640625,2044.9000244140625,3377.5214680989584,38.74638364699023
2023-12-15,3566.3369140625,2035.699951171875,3391.624519856771,39.81868013117635
2023-12-18,3585.205810546875,2040.5,3405.428759765625,38.841394562958854
2023-12-19,3576.142578125,2052.10009765625,3416.5206787109373,40.1407388868096
2023-12-20,3520.328125,2047.699951171875,3425.998087565104,38.42211280365262
2023-12-21,3545.98193359375,2051.300048828125,3436.226627604167,38.61288643850287
2023-12-22,3592.882080078125,2069.10009765625,3446.643359375,44.25426446861025
2023-12-26,3621.953125,2069.800048828125,3458.9569010416667,47.75549001711852
2023-12-27,3654.19384765625,2093.10009765625,3473.2497802734374,46.76829997744678
2023-12-28,3679.798583984375,2083.5,3488.1188069661457,48.60104112236145
2023-12-29,3640.525146484375,2071.800048828125,3500.6486083984373,48.11046212784513
